0,0.0431083,0.338217,53843
1,0.0405134,0.471125,28882
2,0.0411499,0.227951,58741
3,0.041285,0.407884,28427
4,0.0411024,0.474895,52920
5,0.040644,0.167875,30809
6,0.0414597,0.527928,18279
7,0.0413263,0.587066,41982
8,0.0405384,0.678997,52896
9,0.0413061,0.363916,5044
10,0.0417518,0.429257,49939
11,0.0432523,0.570552,19002
12,0.041678,0.364468,55477
13,0.0426383,0.35971,32899
14,0.0416724,0.322271,39152
15,0.0402763,0.631876,18418
16,0.0413916,0.400533,25215
17,0.0419831,0.354508,53483
18,0.041185,0.58404,29246
19,0.0402933,0.48698,17552
20,0.0412543,0.387444,22855
21,0.0411371,0.440952,18430
22,0.0416173,0.507175,11226
23,0.0407671,0.586306,47622
24,0.0404889,0.615551,37640
25,0.0405492,0.389391,28203
26,0.0408153,0.524085,32655
27,0.0410509,0.475229,41686
28,0.0405426,0.420284,56318
29,0.0403803,0.296745,50023
30,0.0411984,0.528842,8230
31,0.0410825,0.280584,26968
32,0.0404964,0.332961,51142
33,0.0405078,0.596541,16572
34,0.0417586,0.337098,19153
35,0.0404406,0.568625,58954
36,0.0400549,0.573033,56873
37,0.0405438,0.183704,25600
38,0.0406812,0.638311,7628
39,0.0405752,0.237876,14169
40,0.0408739,0.373394,26268
41,0.0405324,0.551591,31187
42,0.040654,0.459329,35590
43,0.0418388,0.759834,48334
44,0.0406558,0.522884,18325
45,0.0411667,0.581948,50263
46,0.0400074,0.302522,44418
47,0.0405817,0.631311,5890
48,0.0404876,0.431422,33803
49,0.040571,0.466038,40970
50,0.0406621,0.418208,53581
51,0.0403735,0.442008,47625
52,0.0412352,0.554273,27593
53,0.0404521,0.571483,21016
54,0.0406503,0.460764,49838
55,0.0407962,0.282211,45589
56,0.0403466,0.427127,21935
57,0.0408766,0.254627,39554
58,0.0405376,0.365471,11527
59,0.0403392,0.62244,6026
60,0.0412481,0.512499,54940
61,0.0402173,0.596364,8067
62,0.0407822,0.613992,58054
63,0.0411248,0.617598,22943
64,0.0402183,0.579797,53977
65,0.0402958,0.621783,2050
66,0.0404719,0.50448,35861
67,0.0399767,0.559658,19827
68,0.0406626,0.32891,57680
69,0.041021,0.349072,42369
70,0.0419677,0.439522,33470
71,0.0416904,0.325678,429
72,0.0418186,0.647011,41516
73,0.0408698,0.435917,51145
74,0.040828,0.232206,34261
75,0.0400291,0.452996,56932
76,0.0405616,0.481206,21018
77,0.0404846,0.616838,30690
78,0.0407511,0.429196,42696
79,0.0402179,0.324088,56167
80,0.0408748,0.506377,54477
81,0.0407952,0.442297,8146
82,0.0402992,0.466101,4371
83,0.04132,0.446471,26091
84,0.0404613,0.611122,47765
85,0.0404215,0.429331,2256
86,0.0411413,0.321512,43645
87,0.0403842,0.597058,23517
88,0.0401152,0.391317,49478
89,0.0417759,0.283003,10399
90,0.0398618,0.469228,59119
91,0.0405129,0.410928,23487
92,0.0423508,0.575726,27731
93,0.0404338,0.408132,37163
94,0.0404958,0.299138,59364
95,0.0408722,0.546139,1271
96,0.0402481,0.453773,40352
97,0.0409819,0.497688,50992
98,0.0406411,0.512984,52504
99,0.041083,0.385056,23447
100,0.0396605,0.547631,57158
101,0.0388966,0.406246,10380
102,0.0382907,0.562573,34299
103,0.0378626,0.509345,1646
104,0.038099,0.527289,34790
105,0.0362969,0.433238,15844
106,0.0361282,0.559749,58235
107,0.0361948,0.380402,2462
108,0.0350886,0.354494,33682
109,0.035211,0.568003,44798
110,0.0348382,0.492474,34979
111,0.0360504,0.396515,22790
112,0.03608,0.48729,18285
113,0.0361185,0.415035,46662
114,0.0371347,0.471426,51080
115,0.036533,0.562876,39598
116,0.0358394,0.462558,17868
117,0.0368514,0.532479,22774
118,0.036103,0.414325,7702
119,0.0355776,0.513332,53029
120,0.036263,0.501912,1556
121,0.0547546,0.611241,32469
122,0.0351426,0.466236,31382
123,0.0372147,0.433235,50870
124,0.0357098,0.496071,16113
125,0.0359066,0.520599,41128
126,0.0367384,0.570179,7052
127,0.0374063,0.403078,17578
128,0.0540937,0.389553,10559
129,0.0363851,0.441969,23972
130,0.0359538,0.38475,41170
131,0.0352932,0.37625,57754
132,0.0354523,0.407279,48825
133,0.0357161,0.538872,27203
134,0.0353525,0.462187,28871
135,0.0360226,0.214816,12798
136,0.0366204,0.367542,30948
137,0.0357237,0.197161,45051
138,0.0359997,0.377867,51481
139,0.0369277,0.467759,44068
140,0.0359692,0.447292,55936
141,0.0357289,0.418767,4472
142,0.0369744,0.6047,13250
143,0.0358942,0.229702,9039
144,0.0357789,0.495113,34142
145,0.0363797,0.30007,2688
146,0.035671,0.427988,18335
147,0.0365147,0.443669,277
148,0.0358769,0.327966,41388
149,0.0355016,0.816517,19443
150,0.0354426,0.428417,44550
151,0.0356273,0.620836,19931
152,0.0371092,0.522866,20793
153,0.0360461,0.619774,332
154,0.035869,0.246423,57460
155,0.0357202,0.488067,2527
156,0.0359699,0.505603,10076
157,0.0354586,0.321134,30363
158,0.0359005,0.589865,40818
159,0.0359504,0.530573,6260
160,0.0357805,0.553971,14990
161,0.035867,0.425146,28997
162,0.0361767,0.423303,56045
163,0.0354952,0.43193,27494
164,0.0357919,0.567841,49959
165,0.0539802,0.455884,43506
166,0.0368236,0.511953,10758
167,0.0359335,0.625544,49141
168,0.0354324,0.252129,18707
169,0.0357038,0.434411,26653
170,0.0361965,0.509495,40919
171,0.0389344,0.311999,33710
172,0.0363649,0.519407,46690
173,0.0350924,0.608607,15656
174,0.0369365,0.506395,34680
175,0.0526955,0.553344,27862
176,0.0357248,0.275934,7938
177,0.0543008,0.518911,51864
178,0.0359585,0.178583,55644
179,0.0351386,0.462546,19711
180,0.036879,0.209746,11058
181,0.036007,0.431225,58933
182,0.0359591,0.451436,12110
183,0.0540507,0.38554,11541
184,0.0355681,0.510547,18369
185,0.0367681,0.487726,1695
186,0.0374515,0.380775,9398
187,0.036068,0.455249,27377
188,0.0361675,0.423058,9459
189,0.0362857,0.362472,20298
190,0.0364811,0.288728,37207
191,0.0351455,0.187079,14759
192,0.0366122,0.369587,9963
193,0.0362257,0.557042,39924
194,0.0355436,0.466881,51422
195,0.0362857,0.789158,24528
196,0.0533621,0.219061,25443
197,0.0349929,0.366631,38450
198,0.0360574,0.463061,1738
199,0.0360323,0.398869,37083
200,0.0359369,0.426206,8455
201,0.0364475,0.417032,59008
202,0.0355428,0.272675,10719
203,0.0357909,0.303981,31980
204,0.03499,0.251274,53361
205,0.0368252,0.523845,53447
206,0.0354539,0.439966,57636
207,0.0357793,0.489372,38564
208,0.0371783,0.45553,15569
209,0.0359371,0.474307,59404
210,0.0352373,0.528046,16571
211,0.0494519,0.642124,54938
212,0.039932,0.453885,53550
213,0.0351126,0.504037,26307
214,0.0362402,0.322169,7056
215,0.0360179,0.326804,44606
216,0.0359022,0.505357,43869
217,0.0358761,0.451712,30882
218,0.0553259,0.62368,40624
219,0.0353991,0.576386,49797
220,0.0359858,0.427843,13174
221,0.0370599,0.409156,40948
222,0.0356004,0.461737,7796
223,0.0360635,0.300055,51636
224,0.0361849,0.375112,18452
225,0.0363479,0.564233,42598
226,0.0364039,0.442851,28433
227,0.0375417,0.558381,48870
228,0.0360629,0.26368,45063
229,0.036506,0.393504,36156
230,0.037215,0.546366,18453
231,0.0357933,0.432356,7422
232,0.0352041,0.493799,16223
233,0.0369327,0.463873,38778
234,0.0524697,0.476204,50392
235,0.0896146,0.598415,28750
236,0.0367375,0.536265,10502
237,0.0358561,0.492333,35378
238,0.0367514,0.430363,42300
239,0.0354477,0.204092,6558
240,0.0355152,0.478062,2674
241,0.0363743,0.556322,9732
242,0.0368826,0.474739,37813
243,0.0375435,0.552569,49698
244,0.0370335,0.587293,53972
245,0.0364143,0.726831,42678
246,0.0347339,0.319034,3632
247,0.0366436,0.693301,15985
248,0.0368732,0.409396,21817
249,0.0365446,0.470174,11812
250,0.0719682,0.427577,38552
251,0.0707639,0.427037,2998
252,0.0362937,0.350867,4936
253,0.037363,0.535815,26018
254,0.0359615,0.357047,8913
255,0.0372391,0.382312,42672
256,0.0347666,0.429767,50640
257,0.0355425,0.46909,50114
258,0.0361189,0.424553,20721
259,0.0363099,0.505882,494
260,0.0357496,0.562485,16172
261,0.0353886,0.601642,2646
262,0.0368111,0.4035,57867
263,0.035817,0.340746,51384
264,0.0364899,0.541252,49945
265,0.0372102,0.195642,55524
266,0.0367345,0.490646,5332
267,0.0360784,0.183461,25336
268,0.03646,0.622976,28188
269,0.0364293,0.529309,43134
270,0.0363187,0.536736,23322
271,0.0357375,0.375283,34392
272,0.0365939,0.192358,22168
273,0.0357079,0.381434,45039
274,0.0352027,0.449421,40006
275,0.0368197,0.259711,38668
276,0.0354177,0.214982,46913
277,0.0354169,0.468993,16955
278,0.0359693,0.46338,21691
279,0.0357997,0.233794,6678
280,0.0349924,0.420261,44226
281,0.0361842,0.38113,39229
282,0.0359551,0.516542,17703
283,0.0356476,0.557422,36252
284,0.0365472,0.434206,56896
285,0.0366783,0.593021,16289
286,0.0363396,0.393482,11218
287,0.0368922,0.589622,37074
288,0.0361475,0.329766,40880
289,0.0354458,0.572563,7044
290,0.0357595,0.592445,45646
291,0.0356641,0.551164,58398
292,0.0363621,0.407435,33990
293,0.0357703,0.509638,25672
294,0.0355133,0.420975,41667
295,0.0369751,0.450437,59413
296,0.03791,0.348247,29395
297,0.0363868,0.510838,27170
298,0.0367887,0.547133,29050
299,0.0357715,0.507884,34382
300,0.0356658,0.672892,58980
301,0.0381927,0.478087,36150
302,0.0383735,0.206837,57780
303,0.0367692,0.697484,45347
304,0.0364738,0.492829,2206
305,0.0355643,0.543316,54832
306,0.035651,0.483295,56961
307,0.0365403,0.445413,47640
308,0.0360464,0.436325,8840
309,0.0359811,0.623555,45642
310,0.0359949,0.494546,11341
311,0.0369837,0.28744,11746
312,0.0351466,0.387509,42362
313,0.0355941,0.607963,50288
314,0.0357423,0.250779,45579
315,0.0357363,0.363845,42721
316,0.0354434,0.496997,3952
317,0.0361587,0.509999,50848
318,0.0360442,0.612197,39002
319,0.0360874,0.538959,21455
320,0.0368395,0.563916,26745
321,0.0366116,0.484062,10485
322,0.0353787,0.452945,2562
323,0.035392,0.49336,22126
324,0.0366158,0.679688,38746
325,0.0384851,0.519324,2893
326,0.0363982,0.583622,52694
327,0.0365365,0.396911,5015
328,0.0355719,0.516962,1899
329,0.0355963,0.211404,56384
330,0.0362163,0.214112,24762
331,0.0364192,0.437835,3208
332,0.0355201,0.236301,57960
333,0.0359037,0.663963,33448
334,0.0368245,0.560959,10330
335,0.0356573,0.595586,31805
336,0.035395,0.406586,4771
337,0.0358223,0.426985,48874
338,0.036054,0.615629,32622
339,0.0359775,0.460511,126
340,0.035681,0.546398,832
341,0.0367808,0.813426,33328
342,0.0359021,0.20578,55232
343,0.0496693,0.451934,12920
344,0.0414791,0.531631,30964
345,0.036475,0.23223,11134
346,0.0370672,0.413474,11022
347,0.0363336,0.443028,14049
348,0.0355343,0.286761,43142
349,0.0362028,0.551512,54996
350,0.0363125,0.230544,20045
351,0.0355156,0.456432,26793
352,0.0367441,0.596284,43206
353,0.0369063,0.374214,22649
354,0.0357545,0.253492,13967
355,0.0357623,0.517754,22703
356,0.0355375,0.426015,12210
357,0.0365063,0.325527,55786
358,0.0357071,0.677378,19138
359,0.0546938,0.483291,13646
360,0.0362055,0.605419,58018
361,0.0371141,0.417902,23465
362,0.0548813,0.665616,49106
363,0.0355921,0.512114,17851
364,0.0357339,0.549874,10280
365,0.0367769,0.365319,11116
366,0.036406,0.512892,45635
367,0.0359379,0.594918,31921
368,0.0371134,0.432164,21180
369,0.0343599,0.590053,59070
370,0.0355034,0.397574,45548
371,0.0360934,0.396437,17115
372,0.0357971,0.521833,40180
373,0.0355642,0.527937,41550
374,0.0357458,0.479249,32907
375,0.0372641,0.479641,12829
376,0.0360326,0.43024,17916
377,0.0366094,0.199528,38357
378,0.0380895,0.342518,18664
379,0.0366365,0.484185,1508
380,0.0377929,0.591583,22111
381,0.0371664,0.763857,30644
382,0.0375336,0.347122,55378
383,0.0374843,0.371184,24975
384,0.037258,0.344499,51109
385,0.036747,0.208541,26802
386,0.0362277,0.434425,8336
387,0.0373805,0.663352,11106
388,0.0371659,0.214879,40769
389,0.0367266,0.451442,36261
390,0.0365102,0.453166,54484
391,0.0548703,0.525789,49453
392,0.0364254,0.401708,12191
393,0.0374024,0.261174,38357
394,0.0491201,0.582355,46282
395,0.0377887,0.441809,8426
396,0.0381722,0.483238,11727
397,0.0364674,0.539391,42964
398,0.0368696,0.541601,43302
399,0.03788,0.522638,8567
400,0.0365357,0.506147,59167
401,0.0368243,0.515888,19725
402,0.0366511,0.627496,1778
403,0.0379305,0.535244,39995
404,0.0369243,0.530288,58628
405,0.0368714,0.522899,25410
406,0.0368751,0.482425,23690
407,0.053593,0.390203,58866
408,0.037416,0.503897,15587
409,0.0541531,0.352805,25857
410,0.0361287,0.407434,47717
411,0.0557559,0.38966,45258
412,0.0557491,0.497546,39103
413,0.0543411,0.287192,34415
414,0.0364801,0.37015,5518
415,0.0365749,0.490536,26659
416,0.0376109,0.242688,45331
417,0.0376559,0.395934,35194
418,0.0396571,0.40859,48294
419,0.0380225,0.209523,45546
420,0.0363959,0.535549,57704
421,0.036858,0.650927,42037
422,0.0546927,0.406533,7118
423,0.0366624,0.523394,16289
424,0.0362003,0.399367,50628
425,0.0391158,0.606542,39046
426,0.0363564,0.44232,18698
427,0.0371733,0.189947,35912
428,0.0371434,0.561955,59551
429,0.0364431,0.555714,49887
430,0.0364568,0.215812,39542
431,0.0376939,0.693053,42998
432,0.0370441,0.670399,50916
433,0.036596,0.56445,37698
434,0.0371746,0.4226,56431
435,0.0375191,0.494241,31528
436,0.0379716,0.492866,1901
437,0.0369664,0.4496,38361
438,0.0379427,0.4245,51496
439,0.037182,0.404082,23228
440,0.0365211,0.302154,21780
441,0.0380097,0.387744,21703
442,0.0363235,0.44262,55378
443,0.0365112,0.539401,14668
444,0.0543603,0.483307,57355
445,0.0372139,0.695903,14912
446,0.0361671,0.385213,20187
447,0.037016,0.481751,24821
448,0.0363743,0.507581,34766
449,0.0359898,0.531935,47802
450,0.037026,0.472885,33970
451,0.0357694,0.379126,25417
452,0.0363704,0.496857,31933
453,0.0374715,0.632209,42605
454,0.0367418,0.474014,22195
455,0.0367373,0.198835,58965
456,0.0511466,0.594382,2802
457,0.0397624,0.457487,56790
458,0.0357217,0.493268,28884
459,0.0365885,0.469364,23378
460,0.0369224,0.626045,2566
461,0.0356625,0.4588,30150
462,0.0372848,0.457239,59369
463,0.0367896,0.370146,19851
464,0.0384185,0.617397,28207
465,0.0363647,0.530606,6214
466,0.0368767,0.492235,245
467,0.0370789,0.467586,7014
468,0.0722917,0.487878,45804
469,0.0720378,0.510259,51822
470,0.0372407,0.463411,46519
471,0.0363772,0.479441,26921
472,0.0364161,0.400871,42452
473,0.0384833,0.230415,28568
474,0.036647,0.479025,24691
475,0.0363199,0.522511,43452
476,0.0362131,0.218727,43595
477,0.0374919,0.5953,42219
478,0.0361723,0.604499,43368
479,0.0362222,0.595786,18984
480,0.0376703,0.342003,3602
481,0.036176,0.368053,42500
482,0.0361725,0.535913,58885
483,0.0366631,0.735242,22565
484,0.0359069,0.528316,47336
485,0.036017,0.389589,26256
486,0.0374075,0.635297,37868
487,0.036423,0.449287,25655
488,0.0357852,0.546771,9784
489,0.0370664,0.215717,33480
490,0.0358479,0.517228,46371
491,0.0362346,0.495064,8260
492,0.0365283,0.597544,12549
493,0.0362134,0.391424,32619
494,0.0359762,0.322992,21518
495,0.0359923,0.459962,8509
496,0.0371572,0.358616,42124
497,0.0358895,0.519878,46124
498,0.0358665,0.43163,29034
499,0.0357714,0.394139,49436
500,0.0363292,0.462766,56721
501,0.0354855,0.386911,51455
502,0.0358603,0.510169,59216
503,0.0358851,0.438161,20542
504,0.0357282,0.302519,12642
505,0.0359647,0.496335,2180
506,0.0366119,0.260986,21751
507,0.0362351,0.492494,37478
508,0.0363318,0.511835,23139
509,0.0365573,0.536586,14435
510,0.0364231,0.532846,39390
511,0.0366091,0.572339,24761
512,0.0378939,0.535809,56961
513,0.036734,0.462816,34620
514,0.0355394,0.50723,1414
515,0.0363326,0.549238,22468
516,0.036855,0.622569,9383
517,0.035856,0.462979,47673
518,0.0364556,0.624686,41498
519,0.0373146,0.457658,46843
520,0.0359059,0.538317,52711
521,0.0358542,0.409942,12248
522,0.0373231,0.579321,1855
523,0.0350157,0.355002,41209
524,0.0360465,0.674025,57166
525,0.0368815,0.40926,14092
526,0.0358999,0.520729,50481
527,0.0356403,0.506455,23461
528,0.0377251,0.637768,42476
529,0.0363254,0.191956,21794
530,0.0351209,0.486494,31919
531,0.0356899,0.581038,17893
532,0.037531,0.51833,44761
533,0.0544318,0.478688,4779
534,0.0372115,0.351226,37222
535,0.0386106,0.458187,50188
536,0.0368643,0.646518,39020
537,0.0367192,0.233865,15001
538,0.0380156,0.536399,6495
539,0.0377644,0.428889,39592
540,0.036739,0.528763,11980
541,0.0370221,0.353027,21817
542,0.036775,0.665267,13866
543,0.0370219,0.711913,14902
544,0.0370084,0.538802,28573
545,0.0368145,0.490863,19480
546,0.0355285,0.415545,15580
547,0.0357878,0.491052,12621
548,0.036162,0.55506,31404
549,0.0354167,0.492452,50479
550,0.0364366,0.465785,8604
551,0.0531305,0.684828,46254
552,0.034909,0.369526,29562
553,0.0369955,0.494467,29254
554,0.0357885,0.559139,48201
555,0.0355035,0.573199,26365
556,0.052639,0.464972,56833
557,0.0379943,0.366407,4876
558,0.0356693,0.397282,26005
559,0.0364139,0.413749,54403
560,0.0363639,0.448381,1643
561,0.036082,0.60167,52728
562,0.0360192,0.569923,17702
563,0.054066,0.437623,51244
564,0.0352516,0.449659,11072
565,0.0358466,0.519725,22372
566,0.0387601,0.590326,48945
567,0.0362878,0.462691,29926
568,0.0367239,0.397435,56706
569,0.036459,0.573177,40520
570,0.0362676,0.573168,5452
571,0.0368501,0.478013,25188
572,0.0374281,0.430269,30098
573,0.0354674,0.429707,51571
574,0.0354004,0.470699,1689
575,0.0364612,0.344572,4894
576,0.0361034,0.441678,4674
577,0.0363405,0.502459,36815
578,0.0366416,0.611666,12349
579,0.0368488,0.380598,4995
580,0.0359108,0.390822,35038
581,0.0358229,0.477429,40989
582,0.037853,0.725684,26702
583,0.0355468,0.708322,41382
584,0.0360064,0.272869,48510
585,0.0375573,0.372299,16420
586,0.0362531,0.397853,2642
587,0.0354066,0.408158,25475
588,0.0367895,0.447931,20530
589,0.0359525,0.488614,25154
590,0.0353196,0.443362,3571
591,0.0366875,0.57237,26760
592,0.0373102,0.397846,57536
593,0.0368325,0.498187,5803
594,0.0379935,0.274867,57656
595,0.0362961,0.555998,17148
596,0.0363897,0.61739,9764
597,0.0363732,0.485385,15191
598,0.036182,0.369819,10819
599,0.0354549,0.390971,4771
600,0.0355969,0.354515,29460
601,0.0371358,0.520579,55331
602,0.0365591,0.470879,57514
603,0.0357871,0.519717,58220
604,0.0360743,0.519115,15918
605,0.0360527,0.462486,44912
606,0.0360361,0.49821,32962
607,0.0363306,0.431234,8590
608,0.0354082,0.442538,37980
609,0.0367086,0.451794,8858
610,0.03607,0.622392,35186
611,0.0367211,0.564465,40082
612,0.0358881,0.564634,8002
613,0.0356863,0.593057,38024
614,0.0364177,0.485144,40298
615,0.0363642,0.276618,15989
616,0.0363576,0.489454,28582
617,0.0362903,0.49828,33798
618,0.035787,0.560121,45624
619,0.0359281,0.419101,56714
620,0.0366334,0.49626,25082
621,0.0368402,0.394566,44974
622,0.0359144,0.358335,42382
623,0.0367654,0.368704,20701
624,0.036406,0.490783,40782
625,0.0358339,0.474796,51179
626,0.0358035,0.33069,49415
627,0.0368448,0.578766,15666
628,0.0364196,0.588077,27783
629,0.0365976,0.640736,5258
630,0.0369859,0.538643,23515
631,0.0361727,0.539271,14730
632,0.0360349,0.486363,56513
633,0.0362188,0.518867,3042
634,0.0376859,0.392731,4769
635,0.0358984,0.513553,46966
636,0.0356069,0.432811,43528
637,0.0366727,0.521645,33054
638,0.0354243,0.609846,4480
639,0.0356498,0.364428,8525
640,0.0365047,0.266219,16218
641,0.0348153,0.501173,51611
642,0.0358577,0.379068,24541
643,0.0369298,0.489848,32949
644,0.0360568,0.359928,11014
645,0.0361848,0.464145,14512
646,0.0371141,0.684695,57742
647,0.0350963,0.15683,24800
648,0.0373193,0.427712,19977
649,0.0377692,0.469049,41448
650,0.0364446,0.519889,44754
651,0.0365972,0.302232,14219
652,0.0384115,0.226586,40918
653,0.0378054,0.527615,16124
654,0.03677,0.613165,11154
655,0.0355139,0.558911,37095
656,0.036625,0.44775,30748
657,0.0366718,0.430718,28224
658,0.0363295,0.496151,1019
659,0.0371056,0.514834,16025
660,0.0358846,0.535001,32762
661,0.0357512,0.338517,5082
662,0.03726,0.391804,27479
663,0.0367018,0.204235,23214
664,0.0365646,0.610327,23573
665,0.0370209,0.417139,23694
666,0.0375978,0.39811,96
667,0.0374466,0.462166,36158
668,0.0358492,0.47412,18054
669,0.0363827,0.476903,20708
670,0.0357956,0.407594,30167
671,0.035821,0.576642,24902
672,0.0363191,0.190103,47310
673,0.035437,0.349182,13893
674,0.0358478,0.528747,53812
675,0.0360863,0.204142,23204
676,0.0366993,0.399603,24515
677,0.0373096,0.491276,42807
678,0.0362918,0.395681,23447
679,0.0370773,0.402831,50392
680,0.0359835,0.371805,32006
681,0.0368854,0.463805,48843
682,0.0361732,0.239669,6678
683,0.0357289,0.542854,55343
684,0.0404691,0.625189,12018
685,0.0846529,0.567379,23573
686,0.0534665,0.421716,26809
687,0.0358379,0.559227,15186
688,0.0369536,0.478848,16255
689,0.0356855,0.529972,46641
690,0.0365223,0.533683,36051
691,0.0352972,0.654697,8892
692,0.0357576,0.57267,3401
693,0.036777,0.453021,11872
694,0.0362602,0.619992,38533
695,0.0360341,0.209472,21687
696,0.0362768,0.41038,21682
697,0.0371272,0.481538,438
698,0.035521,0.599511,7883
699,0.0359811,0.423649,47424
700,0.0356212,0.326881,23554
701,0.0354146,0.375509,36549
702,0.0352367,0.402548,1229
703,0.0369336,0.499229,47262
704,0.0357528,0.345264,23643
705,0.0357661,0.306797,15754
706,0.0560759,0.449417,58914
707,0.0358125,0.475307,50777
708,0.035623,0.486193,5118
709,0.0545706,0.432265,29627
710,0.0367424,0.562619,45534
711,0.0373024,0.547206,10421
712,0.0368796,0.389184,23272
713,0.0356917,0.530805,16642
714,0.0358085,0.584862,52980
715,0.0368316,0.472273,56540
716,0.0365739,0.45551,40944
717,0.0356945,0.656782,19369
718,0.0364872,0.36829,48028
719,0.0364217,0.475395,56833
720,0.035852,0.663452,4845
721,0.0371273,0.546687,17108
722,0.0354705,0.360003,35314
723,0.0360767,0.570549,52720
724,0.0365152,0.533371,4430
725,0.0367711,0.258127,49076
726,0.0356498,0.690342,27248
727,0.0354896,0.472381,44408
728,0.0357144,0.455859,38319
729,0.0364786,0.442183,6453
730,0.0360538,0.571322,21333
731,0.0372966,0.504097,44412
732,0.0368481,0.454226,4683
733,0.0362798,0.3624,2640
734,0.0366522,0.476903,20780
735,0.0355194,0.21952,1354
736,0.0352896,0.396856,59392
737,0.035825,0.446225,12518
738,0.0366056,0.608227,43674
739,0.0359709,0.479319,815
740,0.0365308,0.504046,14842
741,0.0385405,0.451589,6540
742,0.0358784,0.346527,52993
743,0.0360898,0.433793,16998
744,0.0380814,0.667283,18633
745,0.0360292,0.208276,6521
746,0.0363686,0.368462,42528
747,0.0370432,0.526631,52974
748,0.0365362,0.383888,26890
749,0.0356071,0.29273,4390
750,0.035801,0.34301,12500
751,0.0374567,0.43759,13591
752,0.036059,0.395502,25347
753,0.0346565,0.488165,15080
754,0.0362116,0.202654,47310
755,0.0358267,0.280871,3540
756,0.0355031,0.33204,50760
757,0.0367742,0.418435,27040
758,0.0375806,0.376051,59564
759,0.0356764,0.446368,47125
760,0.0366192,0.494265,26293
761,0.0367907,0.391179,8764
762,0.0357456,0.469017,42464
763,0.036362,0.480697,37529
764,0.0378814,0.52158,45041
765,0.0359886,0.451767,34449
766,0.0371106,0.474125,59384
767,0.0365858,0.328813,35001
768,0.0372697,0.237534,12798
769,0.0358023,0.416511,4198
770,0.0553328,0.439814,8603
771,0.0367994,0.425203,46565
772,0.0370036,0.281026,49008
773,0.0373406,0.411857,38333
774,0.0356161,0.457392,1110
775,0.0363956,0.453947,4204
776,0.0360289,0.478534,32182
777,0.0358313,0.215908,49042
778,0.0352737,0.474219,28332
779,0.0369351,0.578067,41610
780,0.0359955,0.647628,55962
781,0.0357997,0.637572,22079
782,0.0367891,0.478797,17324
783,0.0360937,0.247113,23382
784,0.0362784,0.480707,40164
785,0.0383257,0.441862,20091
786,0.0360779,0.537284,43462
787,0.0355963,0.63501,35460
788,0.0358353,0.385332,12172
789,0.0360264,0.578004,21076
790,0.0348816,0.304054,14021
791,0.0359205,0.660978,610
792,0.0362114,0.490431,27140
793,0.0369807,0.340408,32806
794,0.0356697,0.317556,11429
795,0.0375677,0.607661,31602
796,0.0360538,0.410843,4697
797,0.0364987,0.535017,20210
798,0.0355108,0.224584,19901
799,0.0360151,0.464409,47585
800,0.0365325,0.491065,16826
801,0.0360736,0.505434,9868
802,0.0370883,0.494681,48399
803,0.0362258,0.53309,22064
804,0.0360048,0.409983,38128
805,0.037445,0.456387,16579
806,0.0378821,0.553534,24768
807,0.0358424,0.519252,9617
808,0.0367921,0.457707,51571
809,0.0363675,0.2381,19282
810,0.0356841,0.614188,30672
811,0.0363821,0.425142,15482
812,0.035885,0.542164,55734
813,0.0358424,0.478145,42651
814,0.0355716,0.299116,23646
815,0.0365199,0.478911,8957
816,0.0362446,0.46695,53224
817,0.035975,0.496863,47026
818,0.037876,0.339561,18482
819,0.0359364,0.571286,55104
820,0.0361222,0.447464,41308
821,0.0361174,0.448487,14092
822,0.0359389,0.399532,20386
823,0.0351577,0.45543,12161
824,0.0361572,0.228455,6701
825,0.0362177,0.385182,2319
826,0.0355836,0.183678,4766
827,0.0355132,0.666422,5105
828,0.0367879,0.490119,25238
829,0.0361976,0.521615,14654
830,0.0372301,0.712532,44823
831,0.055032,0.290094,49964
832,0.0371701,0.567299,47416
833,0.0364403,0.394595,45605
834,0.0377728,0.38125,55162
835,0.0363753,0.197501,33480
836,0.035573,0.263806,46185
837,0.0372585,0.533286,38800
838,0.0345371,0.517464,8650
839,0.0358329,0.524602,16191
840,0.0356624,0.271076,7188
841,0.036938,0.631758,2984
842,0.0357242,0.384497,41168
843,0.0363751,0.451306,36552
844,0.0369249,0.777066,9490
845,0.0357334,0.406741,58229
846,0.0363244,0.489584,59682
847,0.0365547,0.524735,9670
848,0.035575,0.251311,27681
849,0.035836,0.531719,42735
850,0.0369013,0.236764,9930
851,0.0356503,0.380316,44276
852,0.0357642,0.426393,17807
853,0.035944,0.38267,30495
854,0.0358634,0.438394,30212
855,0.0356165,0.431404,20610
856,0.0361209,0.605478,29248
857,0.0373491,0.541116,26206
858,0.0361419,0.453636,23457
859,0.0360315,0.439854,4280
860,0.0555048,0.372473,48032
861,0.0362425,0.443541,18354
862,0.0368285,0.404201,11150
863,0.0539327,0.539834,23934
864,0.0367405,0.43144,52445
865,0.0381327,0.516418,11489
866,0.0367552,0.624306,6984
867,0.0365653,0.467636,57930
868,0.0369352,0.572486,48118
869,0.0370219,0.459189,15140
870,0.0367388,0.438276,23139
871,0.0383368,0.324192,34358
872,0.0375606,0.476061,48560
873,0.0366251,0.495103,53541
874,0.0369804,0.411979,43147
875,0.0380171,0.390451,38530
876,0.0365895,0.471249,14192
877,0.0364489,0.638254,42365
878,0.0371437,0.450843,19911
879,0.0366679,0.528583,57832
880,0.0364893,0.444097,45081
881,0.037131,0.443716,36670
882,0.0372767,0.611746,25712
883,0.0364451,0.667811,14236
884,0.0374118,0.278835,49770
885,0.0371562,0.45023,29028
886,0.0373998,0.4221,35200
887,0.0364934,0.551798,4121
888,0.037208,0.504909,28169
889,0.0374758,0.209098,21477
890,0.0549975,0.539413,4658
891,0.0369622,0.488834,50452
892,0.0368087,0.486269,11748
893,0.0368316,0.519903,28750
894,0.0369379,0.474936,10984
895,0.0367472,0.564938,41041
896,0.0372035,0.586072,49443
897,0.0544678,0.547762,57926
898,0.0534492,0.527028,40070
899,0.0919032,0.430525,2940
900,0.0535873,0.610633,56953
901,0.0370542,0.538836,1840
902,0.0371511,0.515935,9081
903,0.0370725,0.412362,43742
904,0.0546543,0.539032,56908
905,0.0367894,0.458243,35510
906,0.0555493,0.443646,25655
907,0.0377532,0.283764,53409
908,0.0371433,0.418855,31251
909,0.0382196,0.520596,57923
910,0.0374009,0.429632,12028
911,0.0370081,0.33506,39387
912,0.0372875,0.515116,17189
913,0.0365218,0.53807,10480
914,0.036591,0.468077,34061
915,0.0376451,0.435285,48658
916,0.0371878,0.57432,17870
917,0.036383,0.428082,22416
918,0.0363975,0.302155,5570
919,0.0369351,0.544477,22376
920,0.0371852,0.218762,33418
921,0.0369408,0.436897,38937
922,0.0366847,0.510483,4278
923,0.0366935,0.401922,28343
924,0.0368475,0.603635,5161
925,0.0376117,0.472769,15053
926,0.0362795,0.634526,18489
927,0.0361421,0.467759,29650
928,0.037044,0.448385,17081
929,0.0364288,0.26352,23862
930,0.0370617,0.580784,27632
931,0.0371376,0.390259,1498
932,0.0376055,0.493371,28274
933,0.0364127,0.504498,48264
934,0.0376838,0.570889,25407
935,0.0367576,0.55566,15110
936,0.0372744,0.486786,50871
937,0.0366244,0.400014,35452
938,0.0367377,0.595333,40868
939,0.0367162,0.58994,47690
940,0.0367881,0.49269,17764
941,0.0375763,0.265185,35416
942,0.0551122,0.403156,31152
943,0.0374993,0.478619,44337
944,0.0376033,0.663205,13294
945,0.0375676,0.403388,27888
946,0.0380476,0.440972,31899
947,0.0369886,0.37519,50851
948,0.0384291,0.217794,45221
949,0.0560403,0.300672,36520
950,0.0376515,0.492295,49056
951,0.0371758,0.609727,11256
952,0.0391812,0.61422,8862
953,0.0412571,0.374046,48508
954,0.0383457,0.391006,56607
955,0.0374869,0.49308,41582
956,0.0549657,0.628629,11438
957,0.0372507,0.679387,10958
958,0.0550722,0.52247,13388
959,0.0374596,0.544841,35875
960,0.0378492,0.528538,38422
961,0.0376577,0.360429,51645
962,0.038187,0.523752,16303
963,0.0596561,0.294147,42494
964,0.0503913,0.330397,46113
965,0.0369848,0.509805,34546
966,0.0541581,0.456102,26861
967,0.0376872,0.191216,25448
968,0.0376362,0.507339,30316
969,0.0373814,0.672383,47680
970,0.0375085,0.535581,52192
971,0.0373431,0.394406,13426
972,0.0374792,0.32894,10363
973,0.0364775,0.476626,4817
974,0.0369715,0.437278,57930
975,0.0398554,0.527976,37545
976,0.0371959,0.519298,11197
977,0.0374337,0.329887,11051
978,0.0556502,0.543275,31010
979,0.0371269,0.228785,1838
980,0.0364197,0.575051,31696
981,0.0365681,0.376266,7934
982,0.0361376,0.601244,17442
983,0.0368561,0.531137,54593
984,0.0369298,0.276048,14000
985,0.0377745,0.395065,42535
986,0.0366515,0.370751,672
987,0.0373028,0.533796,51074
988,0.0373129,0.360594,5966
989,0.0362236,0.476294,35968
990,0.0365978,0.645187,24116
991,0.036176,0.515427,17646
992,0.0356559,0.467905,8484
993,0.036139,0.419089,25650
994,0.0373645,0.2854,7720
995,0.0358386,0.537225,11615
996,0.036185,0.486149,50991
997,0.0373049,0.382513,53387
998,0.0359206,0.510387,7300
999,0.0360118,0.538052,4747
1000,0.0383173,0.48753,59214
1001,0.0376188,0.401672,40582
1002,0.036344,0.418905,53772
1003,0.0374041,0.506588,2200
1004,0.0370717,0.249626,27345
1005,0.0357398,0.306345,42628
1006,0.0349756,0.342039,14243
1007,0.0356505,0.464399,24826
1008,0.0358558,0.256556,12154
1009,0.0357698,0.421763,4849
1010,0.0369107,0.423679,7883
1011,0.0366287,0.183134,10378
1012,0.0366881,0.48899,51162
1013,0.0357458,0.377023,18377
1014,0.0371004,0.780732,48950
1015,0.0367141,0.433159,26193
1016,0.0367106,0.60497,59004
1017,0.0365315,0.53205,15006
1018,0.035338,0.472549,10339
1019,0.0376017,0.208196,20319
1020,0.0362521,0.548578,37362
1021,0.0357178,0.535055,27747
1022,0.0358779,0.436898,15398
1023,0.0376683,0.492979,37262
1024,0.0364656,0.588078,54112
1025,0.0364817,0.224736,27569
1026,0.0542347,0.574093,36770
1027,0.0373298,0.231588,8992
1028,0.0360015,0.542343,34145
1029,0.0367327,0.470737,44913
1030,0.0362846,0.254967,1458
1031,0.0356817,0.516606,24467
1032,0.0362639,0.645444,50223
1033,0.0358903,0.499876,19557
1034,0.0356829,0.383037,14052
1035,0.0365851,0.463279,59251
1036,0.0360475,0.416545,23364
1037,0.0349558,0.25819,35737
1038,0.037343,0.215675,37629
1039,0.0548417,0.82474,14201
1040,0.0555235,0.274301,17839
1041,0.0719156,0.426903,25440
1042,0.0364313,0.344786,14087
1043,0.0365031,0.494901,35759
1044,0.0371447,0.703349,9338
1045,0.0361798,0.391676,37932
1046,0.0372121,0.460161,8642
1047,0.0359447,0.395779,55045
1048,0.0349664,0.452953,53386
1049,0.0354833,0.536448,27472
1050,0.0540254,0.625905,26477
1051,0.0356876,0.479703,3611
1052,0.0368582,0.535453,34397
1053,0.0377742,0.448322,33016
1054,0.0360679,0.34545,35108
1055,0.0367998,0.564739,55476
1056,0.0372692,0.508027,4650
1057,0.0385139,0.44275,38201
1058,0.0747019,0.366414,39247
1059,0.088922,0.393662,9337
1060,0.0380405,0.515074,20730
1061,0.0554406,0.491522,56259
1062,0.0547795,0.63438,27087
1063,0.0357394,0.381969,32249
1064,0.0374555,0.570506,21441
1065,0.0395755,0.371296,28021
1066,0.0377683,0.541658,3174
1067,0.0370553,0.529863,5270
1068,0.0371902,0.618336,39135
1069,0.0365658,0.365513,8635
1070,0.0360743,0.503126,56711
1071,0.0363607,0.422378,52301
1072,0.035505,0.620324,18039
1073,0.0356371,0.562462,17247
1074,0.036746,0.53458,25131
1075,0.0364593,0.24406,45900
1076,0.0370367,0.560655,21323
1077,0.0366695,0.480645,26653
1078,0.0377173,0.513425,17791
1079,0.0367035,0.492908,739
1080,0.0368078,0.549732,7914
1081,0.0375528,0.499726,49836
1082,0.0378588,0.560574,7842
1083,0.0363729,0.267335,39984
1084,0.0370013,0.375748,3328
1085,0.0363277,0.569007,38400
1086,0.0367805,0.466273,13414
1087,0.0371733,0.483333,23632
1088,0.0538798,0.498397,51168
1089,0.0377882,0.463599,40874
1090,0.0556484,0.445141,4026
1091,0.0547941,0.431824,46874
1092,0.0539034,0.58425,52259
1093,0.071834,0.475742,55163
1094,0.116188,0.303888,10564
1095,0.0887304,0.4478,31602
1096,0.0809547,0.510542,446
1097,0.0681945,0.281675,16234
1098,0.0698946,0.53664,15453
1099,0.0568727,0.448829,40411
1100,0.0367386,0.317705,28011
1101,0.0369107,0.493813,10936
1102,0.0369582,0.485332,13591
1103,0.037785,0.447654,7416
1104,0.0381024,0.351826,53783
1105,0.0570093,0.383493,13461
1106,0.0389113,0.454743,1504
1107,0.0361544,0.571087,26432
1108,0.0369261,0.453547,5218
1109,0.0386801,0.523413,25107
1110,0.0362232,0.458818,48878
1111,0.0370992,0.453695,11381
1112,0.0375977,0.501856,16207
1113,0.0370268,0.488261,43459
1114,0.0366692,0.426196,50745
1115,0.038192,0.559108,27002
1116,0.0374444,0.571029,590
1117,0.0373878,0.339013,52791
1118,0.0379365,0.538139,39608
1119,0.0370011,0.51726,33057
1120,0.0552764,0.570559,53128
1121,0.0364529,0.43336,48434
1122,0.0364153,0.506779,36554
1123,0.0366665,0.348041,18432
1124,0.0503924,0.694265,56313
1125,0.0366141,0.536698,19928
1126,0.0366334,0.497923,10873
1127,0.0551868,0.485026,53619
1128,0.0369133,0.570345,21150
1129,0.0380496,0.226176,10468
1130,0.0368303,0.399414,25371
1131,0.0360049,0.637196,54302
1132,0.0364998,0.458376,26031
1133,0.0375192,0.398968,52471
1134,0.0364375,0.41074,8643
1135,0.0371602,0.539508,4192
1136,0.0396455,0.353721,54236
1137,0.0374531,0.206688,33176
1138,0.0370285,0.722946,15596
1139,0.0372438,0.226059,25473
1140,0.0362627,0.386274,7914
1141,0.0370168,0.387468,32820
1142,0.0367949,0.374753,24154
1143,0.0369481,0.46629,52528
1144,0.0367467,0.479626,15126
1145,0.0537011,0.595255,29854
1146,0.0379218,0.511973,5550
1147,0.0367315,0.673804,25844
1148,0.0372203,0.305509,47396
1149,0.03745,0.459858,23602
1150,0.036662,0.432728,49749
1151,0.0370294,0.364865,20806
1152,0.0373414,0.491531,53565
1153,0.0368579,0.500944,34374
1154,0.0378798,0.420616,16868
1155,0.0380194,0.538619,8334
1156,0.0368961,0.686777,1042
1157,0.0558005,0.500997,9025
1158,0.0371019,0.464751,4641
1159,0.0365908,0.551204,54041
1160,0.0367048,0.537433,44386
1161,0.0381941,0.511693,50780
1162,0.0378183,0.463305,14101
1163,0.0376742,0.504763,38503
1164,0.0370552,0.483602,30339
1165,0.0362324,0.419066,10860
1166,0.036755,0.614062,6440
1167,0.0362829,0.505581,55197
1168,0.0364104,0.553028,9515
1169,0.0359917,0.546155,47528
1170,0.0364275,0.630523,43306
1171,0.0371585,0.344498,23686
1172,0.037356,0.442897,7672
1173,0.0375961,0.518639,32117
1174,0.0366731,0.380094,43314
1175,0.0366244,0.400022,52579
1176,0.0378504,0.478751,19009
1177,0.0373092,0.459085,20007
1178,0.0366408,0.615233,12425
1179,0.0363562,0.277327,12056
1180,0.0540601,0.198235,52758
1181,0.0369317,0.456203,43095
1182,0.0375919,0.486186,44690
1183,0.0370437,0.330127,18883
1184,0.0369467,0.561105,14510
1185,0.0381922,0.5744,23890
1186,0.0378322,0.47677,32651
1187,0.0377835,0.630374,13877
1188,0.0373177,0.380978,55277
1189,0.0372482,0.275252,7138
1190,0.0371286,0.583503,37699
1191,0.0374712,0.543497,15191
1192,0.0367794,0.668145,28518
1193,0.0368365,0.260694,49440
1194,0.0369148,0.513635,18498
1195,0.0371587,0.37765,26323
1196,0.0363501,0.335371,10037
1197,0.037216,0.335069,776
1198,0.0384779,0.609763,57736
1199,0.03674,0.457897,58404
1200,0.0370624,0.655012,38844
1201,0.0372919,0.244847,42424
1202,0.0369455,0.636221,3986
1203,0.0378867,0.344108,55805
1204,0.0374828,0.681386,28132
1205,0.0374436,0.452704,9829
1206,0.0367457,0.376614,37508
1207,0.0369384,0.473798,57815
1208,0.0372072,0.625113,52740
1209,0.0365095,0.52193,37931
1210,0.0369871,0.47517,9246
1211,0.0381866,0.190163,53119
1212,0.0367907,0.481557,19754
1213,0.0365357,0.184032,12952
1214,0.0371174,0.304747,33861
1215,0.0363811,0.571926,44510
1216,0.0371595,0.526194,42418
1217,0.0380305,0.361327,39537
1218,0.0367822,0.441334,56704
1219,0.0372935,0.518606,35428
1220,0.0381912,0.554184,25024
1221,0.0381261,0.465322,19867
1222,0.0377567,0.456381,564
1223,0.0376475,0.437587,4607
1224,0.0366661,0.709951,24238
1225,0.0368713,0.433404,39922
1226,0.0369217,0.611661,19568
1227,0.0366307,0.46529,40318
1228,0.0361018,0.555489,55612
1229,0.0371743,0.467438,43464
1230,0.0387543,0.452691,44688
1231,0.0364136,0.371831,59155
1232,0.0384566,0.581874,19286
1233,0.0376429,0.523572,40972
1234,0.0365217,0.571672,29493
1235,0.0369577,0.488612,32686
1236,0.0370553,0.299591,2594
1237,0.0369132,0.46982,33662
1238,0.0370129,0.228935,33684
1239,0.0377603,0.49687,37022
1240,0.0367395,0.336919,6877
1241,0.0365049,0.510031,22941
1242,0.0372832,0.539196,11464
1243,0.0379649,0.54553,24097
1244,0.0363937,0.400954,20370
1245,0.037363,0.507977,44828
1246,0.0368189,0.564354,38946
1247,0.0371019,0.592467,21390
1248,0.0375755,0.597102,34716
1249,0.0374653,0.59148,56685
1250,0.0372042,0.319806,14524
1251,0.0364953,0.701293,18264
1252,0.0379227,0.562957,14639
1253,0.0363977,0.607081,52274
1254,0.0357233,0.263239,48908
1255,0.0380121,0.44189,48634
1256,0.0365962,0.562417,16473
1257,0.0363738,0.218761,17538
1258,0.0367392,0.510009,53086
1259,0.0382583,0.583696,20968
1260,0.0366449,0.455382,7632
1261,0.0368779,0.375123,11974
1262,0.0371563,0.577782,25672
1263,0.037282,0.505522,25668
1264,0.0374844,0.489077,48928
1265,0.0377599,0.604657,30206
1266,0.036442,0.532978,9892
1267,0.0358645,0.437321,14625
1268,0.0546232,0.539187,26948
1269,0.0363594,0.685011,56361
1270,0.0371927,0.503207,24087
1271,0.0382263,0.393592,3632
1272,0.0364952,0.639877,20586
1273,0.0362778,0.403147,39531
1274,0.0372216,0.611819,28492
1275,0.0373778,0.57612,1110
1276,0.0368368,0.423405,51088
1277,0.0381132,0.408754,57406
1278,0.0375715,0.442926,57264
1279,0.0380755,0.546136,57704
1280,0.0382927,0.192948,15082
1281,0.0366456,0.58388,23514
1282,0.0363385,0.472208,2299
1283,0.0378655,0.66555,50426
1284,0.0370473,0.524649,9418
1285,0.0366868,0.565732,43523
1286,0.0371802,0.440121,28023
1287,0.0371363,0.513571,21406
1288,0.0367715,0.413393,43083
1289,0.0377504,0.651317,58655
1290,0.0367451,0.523808,14512
1291,0.0371047,0.490838,38238
1292,0.0379095,0.446853,55096
1293,0.0378174,0.566987,22616
1294,0.037712,0.307714,35853
1295,0.0558991,0.206506,40878
1296,0.0384924,0.570652,19656
1297,0.0390799,0.406685,29468
1298,0.0395494,0.598501,6182
1299,0.0376505,0.681328,35855
1300,0.0377338,0.564639,40316
1301,0.0385785,0.483561,44284
1302,0.037416,0.272229,28970
1303,0.0366351,0.542504,54305
1304,0.0365766,0.387605,50358
1305,0.0367577,0.216084,55175
1306,0.0361524,0.49509,34572
1307,0.0362961,0.489328,6742
1308,0.0713102,0.546551,58076
1309,0.0573185,0.361543,54138
1310,0.0380905,0.633761,24886
1311,0.0371101,0.564884,20084
1312,0.0371407,0.60524,29782
1313,0.0369218,0.552236,54617
1314,0.0370398,0.597264,4781
1315,0.0366446,0.574511,7762
1316,0.0368925,0.195139,33467
1317,0.0368526,0.510763,47329
1318,0.0363971,0.260815,39603
1319,0.0373053,0.588312,14851
1320,0.0368603,0.626518,39308
1321,0.0369167,0.379018,48759
1322,0.03675,0.443607,50927
1323,0.0389372,0.487083,1922
1324,0.0385448,0.512149,19103
1325,0.0377636,0.676945,37050
1326,0.0370105,0.549226,46274
1327,0.0372164,0.468989,32759
1328,0.036296,0.682756,10408
1329,0.0376284,0.195038,16608
1330,0.0372154,0.40226,28487
1331,0.0362031,0.547295,8909
1332,0.0375137,0.526993,32436
1333,0.0369466,0.349524,46628
1334,0.0366225,0.500528,19846
1335,0.0379166,0.516151,16744
1336,0.0376515,0.458038,32949
1337,0.037136,0.541326,39663
1338,0.0367184,0.269607,48232
1339,0.0571391,0.516053,52792
1340,0.0367731,0.558171,18083
1341,0.0365743,0.52311,56069
1342,0.0357109,0.465286,4791
1343,0.035552,0.436923,52553
1344,0.0368263,0.495804,3952
1345,0.0361934,0.536181,4649
1346,0.0368823,0.421459,33988
1347,0.0369465,0.442038,6333
1348,0.0373793,0.508207,56055
1349,0.0361696,0.524508,40321
1350,0.0367189,0.225998,5610
1351,0.0372403,0.25306,24163
1352,0.0362834,0.474898,22807
1353,0.0359243,0.38958,12198
1354,0.0369979,0.63216,28371
1355,0.0358513,0.620231,6715
1356,0.0362826,0.527534,1998
1357,0.0380249,0.532654,20118
1358,0.0365126,0.27677,28322
1359,0.0356723,0.302851,26232
1360,0.0365646,0.266791,44725
1361,0.0357042,0.358135,10648
1362,0.0360278,0.491149,57943
1363,0.0373383,0.620189,1338
1364,0.0370588,0.837639,26147
1365,0.0567198,0.527621,13552
1366,0.0886407,0.487583,34088
1367,0.0876096,0.416372,35796
1368,0.0906555,0.242279,37629
1369,0.046072,0.351549,53483
1370,0.0374528,0.514447,34114
1371,0.0573999,0.434611,12988
1372,0.0375857,0.636016,19248
1373,0.0357059,0.431834,8911
1374,0.0370515,0.540559,10802
1375,0.0363764,0.369845,22800
1376,0.035935,0.459903,28161
1377,0.0380883,0.464793,54068
1378,0.0352912,0.697623,52857
1379,0.0360041,0.388533,36391
1380,0.0374481,0.506035,44116
1381,0.0370113,0.43589,59675
1382,0.0371416,0.496561,6656
1383,0.0369439,0.569183,17731
1384,0.0369035,0.601753,58086
1385,0.0371298,0.48179,36988
1386,0.0372136,0.386046,43541
1387,0.0372203,0.406561,54333
1388,0.0363684,0.43981,17852
1389,0.0367778,0.411076,27999
1390,0.0377285,0.387957,29262
1391,0.036931,0.49038,53738
1392,0.0361813,0.206021,41908
1393,0.0372708,0.800538,11910
1394,0.0359557,0.675283,32919
1395,0.0354385,0.579442,37145
1396,0.0550193,0.375153,15541
1397,0.0353446,0.413858,48232
1398,0.0360394,0.471438,1966
1399,0.0368693,0.455164,35012
1400,0.0357749,0.385056,1985
1401,0.0359042,0.424741,44573
1402,0.0369794,0.597576,8152
1403,0.0377584,0.601919,30457
1404,0.0365288,0.405745,42227
1405,0.0371575,0.455407,24921
1406,0.0364436,0.528981,39410
1407,0.0360629,0.498436,25551
1408,0.0357499,0.369388,47079
1409,0.0372281,0.553132,51238
1410,0.0361024,0.619453,40076
1411,0.0353266,0.478005,18295
1412,0.0536819,0.559463,50065
1413,0.0374963,0.527613,14272
1414,0.0359547,0.692574,48182
1415,0.036587,0.618598,48540
1416,0.0353283,0.311452,8046
1417,0.0362048,0.40416,41178
1418,0.0370771,0.429875,49432
1419,0.0359149,0.441124,22980
1420,0.0360268,0.40576,48052
1421,0.0502219,0.537973,31900
1422,0.0391455,0.529336,51248
1423,0.0357964,0.400673,12607
1424,0.0372688,0.247215,55232
1425,0.036688,0.65088,20183
1426,0.0369329,0.497562,53325
1427,0.0377639,0.557207,52658
1428,0.0364048,0.319739,37376
1429,0.0361611,0.443962,18602
1430,0.0369304,0.219956,52244
1431,0.0361379,0.430266,37214
1432,0.0363827,0.429984,27232
1433,0.0366937,0.554311,31800
1434,0.0370398,0.263913,53804
1435,0.0360389,0.326765,35556
1436,0.0356417,0.428546,12744
1437,0.036845,0.505213,18294
1438,0.0367845,0.428663,50200
1439,0.0373437,0.286706,48077
1440,0.0385439,0.707566,8235
1441,0.0365731,0.529881,50711
1442,0.0369715,0.439425,54658
1443,0.0368997,0.446849,54216
1444,0.0358771,0.612811,47636
1445,0.0363887,0.407747,36312
1446,0.0364949,0.466118,26632
1447,0.035314,0.601062,58604
1448,0.0381561,0.20201,29518
1449,0.0374984,0.406075,14240
1450,0.0383215,0.501641,22121
1451,0.0366861,0.561949,2769
1452,0.0370004,0.388263,38353
1453,0.037222,0.421431,32112
1454,0.0374837,0.522072,48963
1455,0.0364348,0.365373,45308
1456,0.0553716,0.483943,27940
1457,0.035074,0.36683,9710
1458,0.0368691,0.391411,27101
1459,0.036667,0.542022,48525
1460,0.0358158,0.547306,19472
1461,0.0368033,0.476054,52417
1462,0.0371274,0.627138,54052
1463,0.0360358,0.551827,16492
1464,0.0354706,0.618147,51732
1465,0.0365538,0.695184,58980
1466,0.0363766,0.651061,45226
1467,0.0357199,0.594815,4670
1468,0.0360647,0.658429,42349
1469,0.0377668,0.649333,28418
1470,0.036003,0.626868,4947
1471,0.0362923,0.528486,21039
1472,0.0366668,0.66178,43100
1473,0.0356559,0.476316,41610
1474,0.0356811,0.526555,575
1475,0.0371556,0.373966,42080
1476,0.0363047,0.499099,6213
1477,0.0357061,0.571749,24159
1478,0.0366457,0.400256,38996
1479,0.036341,0.403872,43494
1480,0.0356972,0.377209,37454
1481,0.0370846,0.46943,17936
1482,0.0368126,0.568658,53416
1483,0.0364546,0.20269,11518
1484,0.0359968,0.250726,34852
1485,0.0362349,0.571993,10949
1486,0.0363321,0.453368,11376
1487,0.0371881,0.421845,20114
1488,0.0382383,0.505962,47368
1489,0.0358918,0.425965,13110
1490,0.0366451,0.489995,33818
1491,0.0377409,0.354983,59445
1492,0.0366794,0.561965,57854
1493,0.0363731,0.615415,5378
1494,0.036976,0.694074,46673
1495,0.0363515,0.499626,51268
1496,0.0372148,0.477624,4964
1497,0.0384337,0.383948,58751
1498,0.0372513,0.351127,34647
1499,0.0364271,0.521897,54180
1500,0.0353925,0.575294,47243
1501,0.0372266,0.417477,35877
1502,0.0359983,0.554599,26996
1503,0.0363181,0.51423,10900
1504,0.0363266,0.420253,7004
1505,0.0370655,0.371916,46950
1506,0.0365211,0.511613,9092
1507,0.0389398,0.343715,28634
1508,0.072096,0.472709,19403
1509,0.0562707,0.5698,7919
1510,0.0363794,0.471384,3870
1511,0.036252,0.517467,8011
1512,0.053759,0.39754,55200
1513,0.036059,0.528448,41085
1514,0.0365263,0.516428,30791
1515,0.0363072,0.209572,34168
1516,0.0361283,0.525653,17018
1517,0.0364107,0.327717,8250
1518,0.0373167,0.435606,58638
1519,0.0361318,0.467722,32398
1520,0.0362073,0.533253,22911
1521,0.0535881,0.511466,31010
1522,0.03575,0.5374,7264
1523,0.0368466,0.556116,26135
1524,0.0368567,0.443722,50191
1525,0.0355692,0.60501,43206
1526,0.0357693,0.577765,22596
1527,0.0359474,0.67062,16011
1528,0.03684,0.239109,52654
1529,0.0364689,0.507963,882
1530,0.037847,0.512618,46076
1531,0.0528979,0.582014,39312
1532,0.0361496,0.396216,38279
1533,0.0368043,0.432836,25773
1534,0.0363215,0.390032,7465
1535,0.0357067,0.362725,30409
1536,0.0372155,0.519049,37028
1537,0.0364465,0.393573,56840
1538,0.0367542,0.631736,38068
1539,0.0367355,0.451533,15322
1540,0.0366769,0.597987,12819
1541,0.0354668,0.474187,35576
1542,0.035698,0.426555,5444
1543,0.0359283,0.445705,11170
1544,0.0368383,0.375681,50681
1545,0.0363228,0.551358,30704
1546,0.0366064,0.445799,43974
1547,0.0359614,0.539621,28551
1548,0.0362039,0.29611,24086
1549,0.0367623,0.629544,28287
1550,0.0361849,0.539128,32354
1551,0.0372854,0.538243,25459
1552,0.0363852,0.523798,5322
1553,0.0370822,0.475404,44328
1554,0.0367771,0.473436,19948
1555,0.0367783,0.21437,38918
1556,0.0380087,0.489199,36747
1557,0.0372801,0.502869,26506
1558,0.0363923,0.38761,23988
1559,0.0365774,0.663912,7006
1560,0.0358897,0.428261,54593
1561,0.035517,0.487605,49967
1562,0.0389044,0.58624,13004
1563,0.0366063,0.340613,10337
1564,0.0367726,0.38712,21169
1565,0.036898,0.408012,15208
1566,0.0378915,0.522814,26707
1567,0.0371436,0.565609,31758
1568,0.0371821,0.431202,30964
1569,0.036225,0.602023,24616
1570,0.0359072,0.563127,31367
1571,0.0361088,0.504288,3828
1572,0.0366317,0.429021,35036
1573,0.0360129,0.572917,31770
1574,0.0362455,0.530513,50953
1575,0.038316,0.35227,10459
1576,0.0360744,0.406435,8143
1577,0.0368813,0.436616,26841
1578,0.0357469,0.462716,24754
1579,0.0361623,0.507421,62
1580,0.0352899,0.419543,16431
1581,0.0366616,0.526713,19199
1582,0.037669,0.27178,2988
1583,0.0360369,0.620849,45673
1584,0.0358853,0.56761,28010
1585,0.0362336,0.409034,20721
1586,0.0363612,0.371733,5036
1587,0.0362485,0.457583,26168
1588,0.0365457,0.469921,490
1589,0.0359871,0.425626,44448
1590,0.0359124,0.476946,22658
1591,0.0364913,0.570446,30084
1592,0.0371651,0.480508,21843
1593,0.0362984,0.524602,30945
1594,0.0365339,0.490981,45039
1595,0.0372468,0.505291,47149
1596,0.0359376,0.445175,3588
1597,0.0354808,0.417058,57449
1598,0.03652,0.459568,56045
1599,0.0362626,0.44781,30215
1600,0.0355554,0.5083,6282
1601,0.0374281,0.508626,24469
1602,0.0368377,0.346868,40650
1603,0.0369001,0.227027,14462
1604,0.0377617,0.434235,46978
1605,0.0357478,0.46328,21154
1606,0.0353962,0.426233,28025
1607,0.0357591,0.459666,56616
1608,0.0374236,0.425602,32790
1609,0.03635,0.541572,38256
1610,0.0362228,0.436325,50630
1611,0.0368714,0.633927,51890
1612,0.0350165,0.472618,11788
1613,0.0363459,0.413442,48155
1614,0.037326,0.521959,8706
1615,0.0364948,0.580047,57522
1616,0.0357791,0.520762,32140
1617,0.0370928,0.597169,46588
1618,0.0360615,0.604137,19469
1619,0.0357243,0.434494,8724
1620,0.0365435,0.367561,5380
1621,0.0363084,0.492582,8354
1622,0.0364718,0.428972,51938
1623,0.0363798,0.516173,18779
1624,0.0372153,0.405009,46190
1625,0.0369578,0.470401,40867
1626,0.0352346,0.519994,48066
1627,0.0385706,0.560331,20050
1628,0.0371731,0.453247,43180
1629,0.0376823,0.446598,52527
1630,0.0374881,0.23749,56506
1631,0.0360656,0.403185,33682
1632,0.0373043,0.304334,39583
1633,0.0374392,0.188812,55495
1634,0.0370483,0.548718,14411
1635,0.0372569,0.587611,23455
1636,0.0365266,0.528993,49237
1637,0.0378087,0.468228,48769
1638,0.036215,0.339831,43083
1639,0.0363057,0.571891,17981
1640,0.0366263,0.617679,7946
1641,0.0364505,0.720966,25315
1642,0.036509,0.570311,37925
1643,0.0392839,0.194963,26780
1644,0.0367705,0.481634,31890
1645,0.0361464,0.46982,43920
1646,0.054568,0.249209,2583
1647,0.0366394,0.381287,3787
1648,0.0373347,0.41052,25298
1649,0.0363808,0.422406,57328
1650,0.0362211,0.44171,42634
1651,0.0369053,0.469641,24578
1652,0.037003,0.526583,21770
1653,0.0367035,0.557499,58312
1654,0.0365621,0.605907,56719
1655,0.0374827,0.610549,55510
1656,0.0364239,0.544516,56957
1657,0.0355884,0.255527,46236
1658,0.035937,0.536722,24124
1659,0.0377617,0.22939,29518
1660,0.0367961,0.482846,57748
1661,0.0371105,0.502065,15080
1662,0.0371578,0.450542,19617
1663,0.0364423,0.522518,6158
1664,0.0370911,0.451351,2124
1665,0.0369059,0.533431,57940
1666,0.0369089,0.407312,18118
1667,0.0364865,0.356141,14466
1668,0.0375726,0.32311,56807
1669,0.036856,0.558749,57800
1670,0.0360098,0.618682,32136
1671,0.0362028,0.485398,24692
1672,0.0358319,0.466039,17502
1673,0.0359163,0.231509,2336
1674,0.0352741,0.265331,35761
1675,0.0374005,0.460881,37263
1676,0.0369065,0.593088,23251
1677,0.0360286,0.597746,52266
1678,0.0366891,0.625142,11299
1679,0.0367517,0.429185,14105
1680,0.0376828,0.491511,33411
1681,0.0368988,0.517498,40795
1682,0.0369845,0.621748,7072
1683,0.036943,0.446547,32665
1684,0.0394728,0.525366,35977
1685,0.0548979,0.366311,49344
1686,0.0380491,0.629342,48062
1687,0.0382996,0.422484,49808
1688,0.0371556,0.410551,1100
1689,0.0363598,0.641051,1998
1690,0.0377718,0.575169,21689
1691,0.0368793,0.226489,56714
1692,0.0368781,0.379006,31430
1693,0.036049,0.511667,18162
1694,0.0354594,0.581313,3114
1695,0.0354213,0.472767,48151
1696,0.0543497,0.66982,54395
1697,0.0363469,0.501781,47017
1698,0.0358797,0.484904,22616
1699,0.036738,0.333683,7950
1700,0.0363336,0.480454,3410
1701,0.0367598,0.592076,24302
1702,0.0389348,0.509001,56502
1703,0.0364135,0.504501,53779
1704,0.0367968,0.276424,8574
1705,0.0369773,0.368796,45551
1706,0.036984,0.5587,21480
1707,0.0360062,0.355914,22153
1708,0.0355692,0.440707,32557
1709,0.0379845,0.758762,48272
1710,0.0363843,0.37138,33873
1711,0.0359213,0.386271,53772
1712,0.0371272,0.521138,790
1713,0.0359814,0.527329,5010
1714,0.0358025,0.376456,9846
1715,0.0539528,0.233416,16674
1716,0.0364019,0.430902,5650
1717,0.0358439,0.663326,54624
1718,0.0366036,0.619713,4784
1719,0.0362342,0.456727,55959
1720,0.0362701,0.539754,7843
1721,0.0365806,0.474092,10799
1722,0.056437,0.56536,39487
1723,0.0727143,0.307525,30373
1724,0.0365088,0.463557,50188
1725,0.0366107,0.505252,36905
1726,0.0362363,0.384613,13641
1727,0.0364729,0.494473,43027
1728,0.0357718,0.202351,52648
1729,0.0357504,0.275284,15921
1730,0.054137,0.559015,42930
1731,0.0360869,0.504124,3472
1732,0.0537608,0.607214,44400
1733,0.0363828,0.474643,11336
1734,0.0362607,0.559715,1306
1735,0.0372944,0.555017,40913
1736,0.0353896,0.276699,5570
1737,0.0362285,0.730581,44350
1738,0.0361491,0.436833,47724
1739,0.0368828,0.381264,45152
1740,0.0359489,0.56377,28301
1741,0.0367082,0.336131,50805
1742,0.0361837,0.482307,41994
1743,0.0374561,0.417466,52846
1744,0.0369475,0.543671,9576
1745,0.0367248,0.355276,39932
1746,0.0367924,0.511165,43448
1747,0.0367195,0.626269,1867
1748,0.037305,0.563396,8489
1749,0.0359967,0.380376,42373
1750,0.0351029,0.654986,26218
1751,0.0433649,0.663365,48730
1752,0.0469949,0.484444,27648
1753,0.0356256,0.193685,50055
1754,0.036649,0.641845,51493
1755,0.035761,0.520083,59553
1756,0.0359521,0.590419,50988
1757,0.0365219,0.322784,45540
1758,0.0366229,0.67591,25016
1759,0.0358156,0.567205,8719
1760,0.0366132,0.206914,14227
1761,0.0367837,0.665133,9684
1762,0.036327,0.433804,23988
1763,0.0361585,0.444466,14450
1764,0.0368587,0.363571,44551
1765,0.0360446,0.634885,58065
1766,0.0359515,0.300494,40823
1767,0.0359457,0.490018,23272
1768,0.0359424,0.470275,45503
1769,0.0365337,0.521413,7935
1770,0.0541455,0.400977,31914
1771,0.0350288,0.389913,21722
1772,0.035568,0.703015,30764
1773,0.037457,0.361579,54576
1774,0.0381289,0.571096,17804
1775,0.0359353,0.57139,21064
1776,0.0366444,0.441396,19683
1777,0.0363464,0.43378,2864
1778,0.036182,0.659545,27884
1779,0.0371014,0.475467,13676
1780,0.0366293,0.221294,20302
1781,0.0362851,0.585041,16816
1782,0.0361202,0.752676,4727
1783,0.0383128,0.487826,4794
1784,0.0363367,0.317413,36964
1785,0.0368312,0.257624,42422
1786,0.036949,0.541285,31235
1787,0.0366129,0.388323,1038
1788,0.0366965,0.431631,42870
1789,0.0373521,0.598926,51030
1790,0.0369348,0.608938,41310
1791,0.036111,0.213592,23133
1792,0.0375928,0.453219,478
1793,0.036357,0.490653,23838
1794,0.0359499,0.478018,6330
1795,0.037429,0.419775,55220
1796,0.0370102,0.466269,18896
1797,0.0367941,0.501355,6040
1798,0.035819,0.401164,42898
1799,0.0374753,0.287997,38758
1800,0.0363921,0.559313,6085
1801,0.0368169,0.534653,28838
1802,0.0390268,0.442939,42135
1803,0.0376061,0.406543,46563
1804,0.0369973,0.469735,20616
1805,0.0371147,0.535863,20090
1806,0.0368632,0.301507,25926
1807,0.0362441,0.415535,25725
1808,0.03723,0.453694,5393
1809,0.0361759,0.453361,17703
1810,0.0361661,0.481541,58846
1811,0.0369391,0.467136,28228
1812,0.0367724,0.39136,23447
1813,0.0361101,0.636298,2942
1814,0.037062,0.601935,2754
1815,0.0372887,0.410089,28614
1816,0.0359658,0.47144,47313
1817,0.0363833,0.521741,7554
1818,0.0369724,0.37323,18068
1819,0.0367615,0.505744,59775
1820,0.0591793,0.229935,33105
1821,0.0852387,0.504535,32380
1822,0.0383904,0.607151,45154
1823,0.0351819,0.708841,58593
1824,0.0359431,0.428936,57908
1825,0.036488,0.340906,27993
1826,0.0359454,0.386742,9666
1827,0.0362941,0.444737,45866
1828,0.0367642,0.594401,23517
1829,0.0372585,0.271057,18411
1830,0.0366867,0.243054,50652
1831,0.035413,0.444456,7970
1832,0.0369736,0.486452,11539
1833,0.0359857,0.472201,6198
1834,0.0360841,0.197101,15786
1835,0.0369433,0.239964,37716
1836,0.037111,0.265461,38965
1837,0.0358492,0.508577,24883
1838,0.0363969,0.391835,39707
1839,0.0362447,0.52651,9756
1840,0.0364757,0.447605,37746
1841,0.0357179,0.445045,53380
1842,0.0365381,0.49731,54160
1843,0.0356756,0.556916,38540
1844,0.0356582,0.247768,40864
1845,0.0382617,0.478117,55231
1846,0.035753,0.635358,55356
1847,0.0364588,0.413944,16295
1848,0.0372375,0.310622,59124
1849,0.0358275,0.576579,46059
1850,0.0373181,0.534756,54030
1851,0.0372881,0.38576,34592
1852,0.0361663,0.432408,20512
1853,0.0361494,0.402105,44348
1854,0.0356671,0.478796,49802
1855,0.0366769,0.698846,41764
1856,0.0365964,0.65809,9612
1857,0.0368107,0.47936,14671
1858,0.0369648,0.346252,29460
1859,0.0381508,0.597421,13151
1860,0.0381152,0.563397,50263
1861,0.0373467,0.227842,16720
1862,0.0369604,0.570709,22138
1863,0.0368318,0.583097,20395
1864,0.0371025,0.439418,54745
1865,0.0364546,0.565509,46040
1866,0.0359653,0.343473,32686
1867,0.0357688,0.200169,34359
1868,0.036515,0.744229,50120
1869,0.037123,0.337083,48182
1870,0.0356091,0.527417,39735
1871,0.0531971,0.428576,32998
1872,0.0354863,0.420266,25361
1873,0.0369738,0.427059,29426
1874,0.0361162,0.627034,19318
1875,0.0362758,0.449411,56272
1876,0.0363435,0.234393,3418
1877,0.0372047,0.610769,50421
1878,0.0361475,0.596962,41608
1879,0.0359632,0.492507,9328
1880,0.0381627,0.593344,28616
1881,0.0372715,0.323287,9754
1882,0.0361013,0.515087,22059
1883,0.0369532,0.525909,49849
1884,0.0359993,0.25195,1174
1885,0.0360194,0.445785,10669
1886,0.0361741,0.337174,5037
1887,0.0361806,0.484276,7565
1888,0.0363593,0.426837,2556
1889,0.0364473,0.448875,20003
1890,0.0368695,0.425826,11286
1891,0.0365217,0.496533,43630
1892,0.0356978,0.468896,33673
1893,0.0382906,0.49279,16994
1894,0.0358089,0.465054,36963
1895,0.0361808,0.50905,2875
1896,0.0370722,0.52099,20093
1897,0.0361705,0.279996,47310
1898,0.0356149,0.631165,53814
1899,0.0365788,0.498575,14669
1900,0.0363702,0.306632,40509
1901,0.0366215,0.657538,10558
1902,0.0366203,0.485654,19056
1903,0.0372494,0.614217,1772
1904,0.0356967,0.320911,9122
1905,0.0363957,0.317856,6541
1906,0.0369449,0.36501,38917
1907,0.0360574,0.445533,35488
1908,0.0368874,0.567586,3858
1909,0.0366787,0.328018,3080
1910,0.0354057,0.535392,17598
1911,0.0371021,0.689656,45003
1912,0.0380326,0.491221,53672
1913,0.0356942,0.527939,44004
1914,0.0359708,0.580595,31334
1915,0.0383261,0.485446,33686
1916,0.0367753,0.356607,38308
1917,0.0365646,0.485792,7144
1918,0.0370306,0.349476,15798
1919,0.0749879,0.291147,34298
1920,0.0547295,0.492616,25188
1921,0.0371713,0.372121,26439
1922,0.0369854,0.206128,42518
1923,0.0371915,0.593822,53385
1924,0.0377535,0.660129,42566
1925,0.0379623,0.340068,18087
1926,0.0381705,0.529059,17324
1927,0.0382143,0.440999,38140
1928,0.0380913,0.661038,12124
1929,0.0372762,0.501801,13430
1930,0.0371271,0.647135,10327
1931,0.0378949,0.606942,3638
1932,0.0370206,0.446572,47585
1933,0.0367907,0.553262,47640
1934,0.0372746,0.195606,21908
1935,0.0376293,0.384407,29689
1936,0.0369707,0.463372,31024
1937,0.0370967,0.353939,30784
1938,0.0371613,0.748703,17238
1939,0.0370286,0.283331,618
1940,0.0367447,0.766397,5158
1941,0.0367989,0.68557,16871
1942,0.0546057,0.673036,17825
1943,0.0366172,0.416024,7460
1944,0.0364189,0.325861,49281
1945,0.0378752,0.281155,31169
1946,0.0373021,0.578715,16741
1947,0.0359225,0.504414,14215
1948,0.037646,0.706831,47494
1949,0.0364993,0.385961,41871
1950,0.0370219,0.40895,55346
1951,0.0374344,0.438249,45549
1952,0.0371802,0.541644,33738
1953,0.0368837,0.486271,25164
1954,0.038161,0.616,7482
1955,0.0386232,0.53083,54375
1956,0.0559185,0.488287,24547
1957,0.0385176,0.488707,11531
1958,0.0660673,0.454859,46749
1959,0.0633426,0.405844,2615
1960,0.0552333,0.483325,12958
1961,0.0360908,0.669313,19435
1962,0.0363535,0.42205,52539
1963,0.0372113,0.490121,5046
1964,0.035842,0.339667,40890
1965,0.0376875,0.611939,22100
1966,0.035822,0.31227,21405
1967,0.0362091,0.48699,1847
1968,0.037209,0.487385,52632
1969,0.0361912,0.620934,44066
1970,0.0364043,0.59244,1581
1971,0.0373368,0.415611,48609
1972,0.0367064,0.395689,59795
1973,0.0373419,0.554565,54550
1974,0.037352,0.274268,50793
1975,0.0386546,0.451461,27647
1976,0.0552995,0.45671,6098
1977,0.0379149,0.560787,56526
1978,0.0386682,0.449641,11692
1979,0.0380793,0.487763,32983
1980,0.0380127,0.456161,48520
1981,0.0370991,0.566917,51066
1982,0.0362749,0.57845,51872
1983,0.0378206,0.503951,4022
1984,0.0381402,0.62908,26930
1985,0.0376246,0.535183,23393
1986,0.0381598,0.258289,31864
1987,0.0839699,0.476889,6133
1988,0.0878936,0.442128,31679
1989,0.037604,0.570908,17198
1990,0.036745,0.397086,40139
1991,0.0366548,0.512087,37671
1992,0.0373769,0.387077,54827
1993,0.0368901,0.374238,8351
1994,0.0395589,0.32743,29068
1995,0.0368896,0.461252,38574
1996,0.037309,0.443811,51676
1997,0.0370858,0.544513,6754
1998,0.0367504,0.415898,37150
1999,0.0368697,0.548979,27002
2000,0.0369212,0.534273,51624
2001,0.0370389,0.649904,46597
2002,0.0374876,0.502677,16976
2003,0.0376319,0.540132,7390
2004,0.0372778,0.698106,50552
2005,0.0374531,0.610321,28398
2006,0.0372797,0.371399,25393
2007,0.0370143,0.481579,30215
2008,0.0373344,0.448542,47424
2009,0.0369155,0.600794,19972
2010,0.0361521,0.271207,35352
2011,0.0365789,0.553745,5088
2012,0.0372373,0.439347,33761
2013,0.0373166,0.282384,2688
2014,0.0379083,0.313942,44892
2015,0.0366058,0.22601,47734
2016,0.0364314,0.597301,14536
2017,0.036509,0.237011,11412
2018,0.0362327,0.456321,7074
2019,0.0367811,0.402593,56257
2020,0.0360391,0.573342,46639
2021,0.0366091,0.57127,26198
2022,0.0363646,0.547484,1922
2023,0.0366234,0.573868,22596
2024,0.0368516,0.567699,27970
2025,0.0534021,0.50119,12990
2026,0.037124,0.346849,43225
2027,0.0374393,0.424076,49832
2028,0.0385429,0.628177,58367
2029,0.0369884,0.600956,51524
2030,0.0365719,0.515062,57848
2031,0.0381474,0.430701,14030
2032,0.0379974,0.463431,35979
2033,0.0379524,0.506985,59615
2034,0.0387667,0.256319,398
2035,0.0396459,0.515002,59846
2036,0.0371974,0.371701,38550
2037,0.0677236,0.597725,14639
2038,0.0594269,0.431839,54712
2039,0.0369418,0.538132,32868
2040,0.035852,0.681855,26736
2041,0.0371972,0.225764,7424
2042,0.0382993,0.405696,24962
2043,0.0371904,0.644959,24767
2044,0.0373975,0.635088,2576
2045,0.0368659,0.462207,25106
2046,0.0390012,0.491339,11323
2047,0.0370463,0.497857,52004
2048,0.0374801,0.413295,14141
2049,0.0374605,0.491115,50226
2050,0.0360891,0.408594,50869
2051,0.0364522,0.244503,38449
2052,0.036371,0.736616,48855
2053,0.0362536,0.54046,51018
2054,0.0358966,0.481833,18531
2055,0.0372709,0.507534,6605
2056,0.036036,0.452549,20753
2057,0.0364466,0.550578,32977
2058,0.0370528,0.455085,22459
2059,0.0358394,0.449177,42
2060,0.0363624,0.375911,25461
2061,0.0366891,0.339778,20533
2062,0.0367644,0.43377,53336
2063,0.0363804,0.753263,32346
2064,0.0357949,0.530132,15732
2065,0.0388741,0.37761,17270
2066,0.0358912,0.464136,8336
2067,0.0356055,0.35862,52831
2068,0.0370459,0.463418,34176
2069,0.037033,0.491175,53474
2070,0.036142,0.452818,11829
2071,0.0381029,0.293276,26968
2072,0.0356308,0.529433,9520
2073,0.0362303,0.595987,24666
2074,0.0380773,0.626279,34537
2075,0.0367288,0.44621,31825
2076,0.0358778,0.419046,37166
2077,0.0358724,0.480367,33562
2078,0.0526392,0.446921,17951
2079,0.0354064,0.382326,30716
2080,0.037267,0.538249,25590
2081,0.0355457,0.408583,58768
2082,0.0365993,0.641837,32991
2083,0.050186,0.42415,51381
2084,0.0409386,0.492701,41716
2085,0.0368986,0.465683,46546
2086,0.037778,0.459883,30048
2087,0.0364901,0.28324,8369
2088,0.0365758,0.433975,16470
2089,0.0378192,0.434567,33014
2090,0.0372877,0.523846,26288
2091,0.0367385,0.497103,33304
2092,0.0373049,0.446534,17548
2093,0.0367827,0.69175,1758
2094,0.0375574,0.377905,22233
2095,0.036774,0.544104,56482
2096,0.0375424,0.357792,27638
2097,0.0385837,0.48579,33984
2098,0.0378076,0.565431,26980
2099,0.0370558,0.664123,57736
2100,0.037296,0.451657,45872
2101,0.0367573,0.415301,24836
2102,0.0379622,0.482023,10611
2103,0.0377509,0.473358,53272
2104,0.0368518,0.502889,820
2105,0.0373069,0.488074,47669
2106,0.0369999,0.463234,19709
2107,0.0363943,0.51532,5430
2108,0.0368625,0.350934,40951
2109,0.0369048,0.737985,50370
2110,0.0371101,0.61157,58468
2111,0.036968,0.49093,19879
2112,0.0373732,0.581641,42792
2113,0.0359257,0.582419,2968
2114,0.0359122,0.485967,42762
2115,0.0367258,0.518507,46615
2116,0.0363612,0.335661,45846
2117,0.0370368,0.513069,32761
2118,0.0372376,0.767442,31046
2119,0.0368711,0.464265,295
2120,0.037357,0.395946,38777
2121,0.0372963,0.511622,6916
2122,0.036852,0.559236,34726
2123,0.0370394,0.476785,1523
2124,0.0379079,0.452068,8539
2125,0.0373534,0.6204,14562
2126,0.0369181,0.436905,50812
2127,0.0364077,0.502385,25690
2128,0.0383726,0.475111,27534
2129,0.0374024,0.54554,12655
2130,0.0385463,0.440423,22959
2131,0.0371806,0.618006,45643
2132,0.037543,0.467972,42134
2133,0.0370867,0.493115,6270
2134,0.0371716,0.546023,23209
2135,0.0359307,0.571221,57243
2136,0.0360296,0.239711,20045
2137,0.0358841,0.247682,4390
2138,0.0359693,0.475919,26161
2139,0.0356397,0.415863,51101
2140,0.0364284,0.439833,25636
2141,0.0367867,0.293228,11766
2142,0.0376551,0.586968,19204
2143,0.0373884,0.308265,46422
2144,0.0371216,0.556985,35709
2145,0.0363319,0.56372,2732
2146,0.0375119,0.440276,56952
2147,0.0564602,0.332336,806
2148,0.0376003,0.380065,53130
2149,0.0556093,0.472491,32352
2150,0.0365547,0.420025,39508
2151,0.0358611,0.527232,7762
2152,0.0381467,0.439042,12616
2153,0.0371493,0.405752,12214
2154,0.0362605,0.236618,21051
2155,0.0384499,0.518061,6008
2156,0.0362998,0.311941,25769
2157,0.0371045,0.39777,11826
2158,0.0360408,0.490928,15603
2159,0.037338,0.601057,21276
2160,0.0363029,0.429355,28758
2161,0.0364414,0.466525,7977
2162,0.03623,0.456319,25335
2163,0.0357202,0.439861,42226
2164,0.0352865,0.259317,37531
2165,0.0374894,0.38861,17922
2166,0.0363356,0.310111,27309
2167,0.0357665,0.390228,2591
2168,0.0545837,0.601854,16994
2169,0.0355053,0.526487,25073
2170,0.0365922,0.447277,14265
2171,0.0364138,0.303751,55500
2172,0.0365708,0.43113,25388
2173,0.0372423,0.380969,39471
2174,0.0367354,0.522301,53740
2175,0.0371789,0.389151,20274
2176,0.0364263,0.599215,55193
2177,0.0369785,0.632877,22141
2178,0.0368437,0.340773,18509
2179,0.0379038,0.607063,51218
2180,0.0370472,0.514982,25391
2181,0.0389216,0.446478,28446
2182,0.0365189,0.52629,40212
2183,0.0368571,0.523274,32976
2184,0.0370636,0.527612,10354
2185,0.0363778,0.590746,26300
2186,0.0367579,0.550772,6466
2187,0.0386164,0.289365,1848
2188,0.0358943,0.486991,43266
2189,0.0357348,0.487992,34739
2190,0.0374232,0.376186,3434
2191,0.0361696,0.476018,52186
2192,0.0359076,0.52646,55322
2193,0.0364987,0.354297,12253
2194,0.036475,0.577409,6509
2195,0.0367143,0.626738,2867
2196,0.0379154,0.365128,26173
2197,0.0383483,0.546672,40392
2198,0.038126,0.530346,8204
2199,0.0368919,0.401587,16847
2200,0.0369245,0.508474,40536
2201,0.0355167,0.573571,19961
2202,0.0358288,0.375287,7551
2203,0.0365364,0.492097,44272
2204,0.0360026,0.448665,55588
2205,0.0358252,0.478554,24114
2206,0.0373648,0.538744,50725
2207,0.0514079,0.528667,56967
2208,0.0407058,0.475646,10482
2209,0.0373597,0.41669,59272
2210,0.0359227,0.551556,34247
2211,0.0366416,0.413397,25674
2212,0.0374792,0.478327,58968
2213,0.0365292,0.430758,3029
2214,0.0357574,0.499836,33674
2215,0.0364885,0.613153,33518
2216,0.0357465,0.364082,25463
2217,0.0362508,0.459816,58454
2218,0.0367682,0.427941,37516
2219,0.0363982,0.471486,27513
2220,0.0358687,0.336221,52423
2221,0.0368892,0.393963,24339
2222,0.0364513,0.717645,49207
2223,0.0360899,0.412955,22434
2224,0.0359853,0.574345,56796
2225,0.0361283,0.609373,52890
2226,0.0350099,0.36494,39220
2227,0.036401,0.507993,53238
2228,0.0364725,0.32477,12106
2229,0.0370332,0.556904,19967
2230,0.0359358,0.466711,4121
2231,0.0370222,0.448765,9210
2232,0.0361787,0.366736,43873
2233,0.0358876,0.586665,14191
2234,0.0375238,0.340259,1300
2235,0.0361887,0.26242,57749
2236,0.0360666,0.397023,2642
2237,0.0360879,0.458368,41904
2238,0.0364786,0.331973,12390
2239,0.0370286,0.243711,47758
2240,0.0693121,0.366676,57885
2241,0.0739165,0.466243,22541
2242,0.0354215,0.403428,57478
2243,0.0367232,0.481181,48208
2244,0.0356006,0.419145,35127
2245,0.0362636,0.33041,10508
2246,0.0373581,0.349482,37710
2247,0.035863,0.505037,59406
2248,0.0369278,0.550844,32928
2249,0.0371065,0.398903,3701
2250,0.0370703,0.416088,8271
2251,0.0362638,0.538934,36384
2252,0.038097,0.392111,19658
2253,0.0363113,0.62917,56049
2254,0.0365609,0.503117,58244
2255,0.0371975,0.472299,36458
2256,0.0383115,0.493363,38274
2257,0.0363705,0.414103,20115
2258,0.036691,0.356325,12261
2259,0.0365692,0.388098,15670
2260,0.036118,0.545962,19232
2261,0.0363092,0.254361,43633
2262,0.0379556,0.354174,32599
2263,0.0358597,0.430351,12202
2264,0.0370834,0.370116,10196
2265,0.0378824,0.431757,47701
2266,0.0386722,0.494868,32814
2267,0.0367874,0.451279,20291
2268,0.0362844,0.481125,57255
2269,0.0361757,0.39553,55044
2270,0.0366531,0.411848,52750
2271,0.037498,0.508723,40673
2272,0.0362765,0.646387,45826
2273,0.0366049,0.29203,6747
2274,0.0374778,0.47635,24057
2275,0.0370724,0.361394,53771
2276,0.0364298,0.396408,45186
2277,0.0366285,0.385752,21741
2278,0.0559707,0.467121,32432
2279,0.0375213,0.593978,21016
2280,0.0373094,0.603086,33146
2281,0.0381823,0.484407,32913
2282,0.0378323,0.500996,15444
2283,0.03723,0.270629,4070
2284,0.0385484,0.533282,26554
2285,0.0381604,0.569924,48208
2286,0.0360374,0.467572,31714
2287,0.0367587,0.213302,4012
2288,0.0369392,0.639277,11270
2289,0.0368463,0.599586,21118
2290,0.0373352,0.436136,21693
2291,0.036008,0.670943,44852
2292,0.0356029,0.626813,5350
2293,0.0370812,0.591258,55390
2294,0.0357128,0.597886,57963
2295,0.0358125,0.358379,56704
2296,0.0366961,0.303148,32947
2297,0.0368159,0.53594,22292
2298,0.0370896,0.563337,54711
2299,0.0362272,0.64115,12000
2300,0.0364948,0.578986,9592
2301,0.0367773,0.307563,33082
2302,0.0362052,0.2714,1044
2303,0.0386548,0.449143,49627
2304,0.0369887,0.390512,8003
2305,0.0362991,0.49459,52940
2306,0.0387137,0.507716,19853
2307,0.0367655,0.454337,3239
2308,0.0366556,0.45822,33825
2309,0.0537323,0.648198,47748
2310,0.0363416,0.383651,54984
2311,0.0385279,0.406788,12366
2312,0.0380879,0.573604,36023
2313,0.0367892,0.478013,12006
2314,0.0363098,0.400089,59915
2315,0.0359029,0.202626,35698
2316,0.0366532,0.183019,1238
2317,0.0360178,0.499083,53770
2318,0.036202,0.507239,11077
2319,0.0367302,0.518896,48785
2320,0.0372855,0.514582,49945
2321,0.0370661,0.448231,46861
2322,0.03595,0.496899,13708
2323,0.0378165,0.391585,9229
2324,0.0374893,0.249271,23219
2325,0.037449,0.764437,40358
2326,0.0372125,0.641281,59043
2327,0.0364923,0.440561,40566
2328,0.0369716,0.559136,9131
2329,0.0375605,0.573115,59143
2330,0.0377133,0.415449,7864
2331,0.0387667,0.374199,38394
2332,0.038244,0.382521,25597
2333,0.0374196,0.533981,9027
2334,0.0376324,0.471267,5472
2335,0.035978,0.200052,23954
2336,0.0376734,0.447677,53458
2337,0.0364569,0.489144,29950
2338,0.0373467,0.639819,24296
2339,0.03737,0.762398,10444
2340,0.037577,0.392808,52652
2341,0.0387497,0.443361,58076
2342,0.0372038,0.539698,2284
2343,0.0379836,0.370344,8992
2344,0.0363787,0.47913,16840
2345,0.0359566,0.48351,7545
2346,0.0366755,0.415671,54604
2347,0.037519,0.578678,7396
2348,0.0367487,0.477943,4154
2349,0.0378728,0.417299,7872
2350,0.0374453,0.573573,59186
2351,0.0365566,0.704939,22717
2352,0.0362082,0.526733,26938
2353,0.0368521,0.448444,28067
2354,0.0377599,0.538028,10714
2355,0.0366284,0.288732,27068
2356,0.0367949,0.237602,36288
2357,0.0370507,0.17921,2572
2358,0.036585,0.536158,45032
2359,0.0365823,0.303291,26335
2360,0.0369852,0.494702,32739
2361,0.0368967,0.509473,48987
2362,0.0360508,0.405989,24925
2363,0.0373147,0.489247,52935
2364,0.0367963,0.510938,6098
2365,0.0360307,0.49918,43178
2366,0.0364204,0.22444,8648
2367,0.0361616,0.400223,31040
2368,0.0369566,0.4839,45685
2369,0.0384297,0.705939,8656
2370,0.0369251,0.525027,19979
2371,0.0369623,0.464601,4758
2372,0.0379421,0.500673,55476
2373,0.0361512,0.408166,55337
2374,0.036205,0.493848,15958
2375,0.036491,0.466815,21776
2376,0.036333,0.352796,8681
2377,0.0366183,0.387553,33017
2378,0.0363727,0.482188,40188
2379,0.03693,0.263833,39057
2380,0.0364979,0.40704,16170
2381,0.0370916,0.515046,51954
2382,0.0378098,0.527032,44487
2383,0.0387242,0.446298,39205
2384,0.0373618,0.538814,29374
2385,0.0371087,0.388509,519
2386,0.0359654,0.495146,21849
2387,0.0367136,0.480083,36892
2388,0.0379481,0.46537,53621
2389,0.0363888,0.466159,6163
2390,0.0362783,0.454106,46546
2391,0.0371344,0.50193,19876
2392,0.0364668,0.533978,48392
2393,0.0360673,0.556725,57392
2394,0.0360722,0.616075,30868
2395,0.0366931,0.544425,8509
2396,0.0365441,0.591382,25105
2397,0.0358223,0.418283,31709
2398,0.0363297,0.325013,21702
2399,0.0367699,0.359824,15499
2400,0.0363742,0.618523,16356
2401,0.0377955,0.417992,26106
2402,0.0654251,0.380504,14241
2403,0.0771816,0.409476,51290
2404,0.035245,0.476794,30588
2405,0.0359759,0.662812,26692
2406,0.0385365,0.552476,50088
2407,0.036881,0.420386,9023
2408,0.0356502,0.619511,21532
2409,0.0370931,0.413977,50830
2410,0.0354462,0.320153,17881
2411,0.0361765,0.219975,53040
2412,0.0360792,0.558198,1246
2413,0.0364477,0.516399,21365
2414,0.0367233,0.586884,42109
2415,0.0371213,0.494901,1199
2416,0.0373926,0.34219,55716
2417,0.0371273,0.599146,4453
2418,0.0371248,0.255017,42947
2419,0.0365853,0.569517,18369
2420,0.0365621,0.447092,8358
2421,0.0371669,0.233712,11968
2422,0.0367353,0.677654,16438
2423,0.0367238,0.473857,28987
2424,0.0369427,0.576518,20147
2425,0.0376518,0.620207,51440
2426,0.0379008,0.567971,45708
2427,0.0373578,0.42975,44146
2428,0.0377972,0.377085,50793
2429,0.0375874,0.555156,46510
2430,0.0368545,0.657062,49869
2431,0.0367694,0.541069,22721
2432,0.0365977,0.537492,3208
2433,0.035806,0.567108,33707
2434,0.0374855,0.363507,2858
2435,0.0359781,0.441706,45349
2436,0.0357939,0.483233,19975
2437,0.0357039,0.663339,44393
2438,0.0376612,0.402561,30947
2439,0.0361183,0.544805,32845
2440,0.0383412,0.40102,3496
2441,0.0389273,0.517872,29936
2442,0.0365567,0.361339,46945
2443,0.0369847,0.383083,23217
2444,0.0367598,0.237228,35558
2445,0.0371566,0.696171,47934
2446,0.0372288,0.409789,20078
2447,0.0374458,0.467777,1939
2448,0.0380501,0.466573,39532
2449,0.0370258,0.464905,14668
2450,0.0370865,0.507578,7784
2451,0.0373225,0.481111,16026
2452,0.0363626,0.463003,21397
2453,0.0358617,0.493136,58410
2454,0.0376462,0.636413,26700
2455,0.0367113,0.48438,47555
2456,0.0372673,0.452032,6850
2457,0.0373087,0.503095,38877
2458,0.037092,0.378541,56885
2459,0.0383239,0.565119,12366
2460,0.0389886,0.453968,50010
2461,0.0389982,0.386329,26007
2462,0.0371693,0.457032,48531
2463,0.0375641,0.432868,43860
2464,0.0365529,0.444265,59434
2465,0.0361485,0.343519,23475
2466,0.037244,0.570783,58010
2467,0.0360064,0.534467,55761
2468,0.0369503,0.467909,50104
2469,0.0374351,0.462224,802
2470,0.0384204,0.495082,16252
2471,0.0369391,0.510104,13780
2472,0.0373684,0.441012,2099
2473,0.037159,0.254161,14061
2474,0.0370927,0.36318,12025
2475,0.037211,0.405909,38469
2476,0.0376496,0.547032,16784
2477,0.0359562,0.354114,6295
2478,0.036772,0.389309,15414
2479,0.0377507,0.628017,13450
2480,0.0366704,0.529331,11595
2481,0.0362209,0.413167,18255
2482,0.0368712,0.32231,2982
2483,0.0366073,0.461497,54799
2484,0.0375118,0.496695,58029
2485,0.0373429,0.454547,56868
2486,0.0367481,0.370955,54537
2487,0.0357314,0.543246,18934
2488,0.0365484,0.754991,14956
2489,0.0365833,0.430715,54748
2490,0.0360425,0.310097,34178
2491,0.0364802,0.536204,16654
2492,0.0369988,0.320342,42277
2493,0.036673,0.403418,52258
2494,0.0363211,0.442419,23515
2495,0.0390797,0.457042,1391
2496,0.036701,0.618278,29167
2497,0.0361144,0.333775,5457
2498,0.0372669,0.513145,36228
2499,0.0379495,0.407137,43954
2500,0.0378461,0.604355,20910
2501,0.0370858,0.42517,20201
2502,0.0368643,0.528843,55292
2503,0.0365332,0.530841,3660
2504,0.03616,0.317567,28836
2505,0.0369893,0.547398,44805
2506,0.0362565,0.386805,51290
2507,0.0361328,0.543245,35636
2508,0.0536041,0.45382,28576
2509,0.0350646,0.570539,41671
2510,0.036083,0.381927,2110
2511,0.0538731,0.50459,42962
2512,0.0361038,0.357693,30247
2513,0.0365766,0.450424,54186
2514,0.0375119,0.575505,30272
2515,0.0360939,0.514544,50574
2516,0.036547,0.52511,58263
2517,0.0377831,0.509244,44226
2518,0.0379789,0.46777,43233
2519,0.0380974,0.2344,33418
2520,0.0388139,0.457472,33278
2521,0.0380027,0.393462,53097
2522,0.0383091,0.398884,14087
2523,0.0379352,0.716926,21243
2524,0.0378794,0.265875,33122
2525,0.0371353,0.493115,42338
2526,0.0372151,0.442763,35858
2527,0.0373566,0.457594,40284
2528,0.0367537,0.485379,37150
2529,0.0373815,0.228109,24183
2530,0.03773,0.431084,34346
2531,0.0359948,0.399589,25199
2532,0.0381237,0.703564,22074
2533,0.0363907,0.637088,39678
2534,0.0366191,0.557271,21948
2535,0.0366904,0.486687,14418
2536,0.0368307,0.297051,52409
2537,0.0359374,0.518282,24874
2538,0.0362857,0.436125,29533
2539,0.037079,0.560585,32416
2540,0.0363012,0.497536,21433
2541,0.0368846,0.185149,54614
2542,0.0372157,0.57648,53909
2543,0.0367169,0.412667,47525
2544,0.0370291,0.538002,1903
2545,0.0361823,0.597752,8909
2546,0.0358471,0.522824,13324
2547,0.0363511,0.454995,50100
2548,0.037529,0.346719,36629
2549,0.0365633,0.38089,39641
2550,0.0373715,0.427046,4582
2551,0.0375374,0.474142,25911
2552,0.0378162,0.47269,24026
2553,0.0380103,0.278736,54631
2554,0.0362446,0.451536,56185
2555,0.0536314,0.463395,47007
2556,0.0359545,0.609622,50662
2557,0.0410233,0.337191,30943
2558,0.056412,0.549392,42122
2559,0.0365236,0.49092,17608
2560,0.0363336,0.647151,10390
2561,0.0366575,0.496115,19128
2562,0.03655,0.404281,24286
2563,0.0361414,0.341238,22228
2564,0.0368964,0.295191,16212
2565,0.0364705,0.450653,44588
2566,0.0363427,0.489308,25266
2567,0.0375758,0.287807,16395
2568,0.0356862,0.50859,25408
2569,0.0366503,0.516079,27778
2570,0.0366166,0.440068,44607
2571,0.0360024,0.473297,17871
2572,0.0360694,0.327292,11147
2573,0.0372036,0.490026,42338
2574,0.0362262,0.765767,47643
2575,0.0369593,0.501551,45400
2576,0.0378439,0.256931,9354
2577,0.0381272,0.440141,18265
2578,0.037944,0.593379,19086
2579,0.0373401,0.424385,55761
2580,0.0372086,0.369223,59540
2581,0.0371765,0.551555,32303
2582,0.0377226,0.535909,22855
2583,0.0375725,0.470493,50545
2584,0.0366728,0.512613,8535
2585,0.0368423,0.396114,54571
2586,0.0381982,0.403658,9800
2587,0.0363716,0.689417,39412
2588,0.0371275,0.54273,56701
2589,0.0370869,0.599866,6520
2590,0.0367023,0.202144,4470
2591,0.0356947,0.329073,32599
2592,0.0377946,0.415578,30807
2593,0.0363944,0.46504,2245
2594,0.03588,0.470112,12024
2595,0.0367099,0.329786,51429
2596,0.0373396,0.520104,15603
2597,0.0522169,0.702811,50926
2598,0.0775723,0.574931,52968
2599,0.0727669,0.253039,4960
2600,0.0371277,0.464274,2678
2601,0.037405,0.511956,16258
2602,0.0380321,0.438364,43450
2603,0.0375945,0.414625,37283
2604,0.0370009,0.52794,29804
2605,0.0368412,0.465863,1186
2606,0.037086,0.476528,16487
2607,0.0364312,0.611751,38697
2608,0.0371059,0.50885,54712
2609,0.0379791,0.506344,19947
2610,0.0378556,0.598263,29662
2611,0.0375708,0.650817,16406
2612,0.0371887,0.268327,55574
2613,0.0373054,0.450951,29742
2614,0.0380937,0.391281,27995
2615,0.0421274,0.400305,12105
2616,0.0506237,0.635317,19078
2617,0.0382948,0.583333,58674
2618,0.037174,0.524374,10830
2619,0.0382188,0.365732,53657
2620,0.0370199,0.310761,37175
2621,0.0359658,0.560837,3848
2622,0.0387589,0.494968,51292
2623,0.0556992,0.50947,18770
2624,0.0373908,0.466654,18225
2625,0.0740437,0.457485,58601
2626,0.07394,0.269693,10290
2627,0.0383385,0.517184,57176
2628,0.0552655,0.490164,52162
2629,0.0376433,0.590555,1130
2630,0.0379641,0.501043,14175
2631,0.0366636,0.483281,2278
2632,0.0367268,0.529168,54016
2633,0.0367159,0.355962,6051
2634,0.0366311,0.420031,45088
2635,0.0359948,0.544455,4649
2636,0.0365285,0.651441,42878
2637,0.0369451,0.485103,13768
2638,0.0362505,0.446807,49370
2639,0.0366484,0.498024,27691
2640,0.0367567,0.590795,23966
2641,0.0359535,0.461024,38523
2642,0.0356502,0.349224,11805
2643,0.0372795,0.572319,55367
2644,0.0355904,0.544283,38896
2645,0.0363384,0.588599,16466
2646,0.0367629,0.357935,42134
2647,0.0371695,0.519734,15474
2648,0.0370514,0.63254,34457
2649,0.0366795,0.370601,46438
2650,0.0385725,0.626377,29678
2651,0.0371494,0.396213,56790
2652,0.0370985,0.462076,57930
2653,0.0542512,0.531193,55204
2654,0.0358869,0.50509,15266
2655,0.03659,0.22399,25751
2656,0.0364524,0.392255,49974
2657,0.0360971,0.419002,5244
2658,0.0368303,0.535629,51838
2659,0.0369002,0.601742,20711
2660,0.0355858,0.528199,7004
2661,0.0357027,0.282447,44677
2662,0.0376079,0.450007,26075
2663,0.0359254,0.415891,59467
2664,0.0358125,0.464458,58487
2665,0.0364907,0.527409,12774
2666,0.0362987,0.507549,39348
2667,0.0360733,0.522642,57616
2668,0.0360148,0.67755,57994
2669,0.0365134,0.502167,11203
2670,0.0361936,0.459529,2478
2671,0.0358507,0.455366,2543
2672,0.0363735,0.430627,28680
2673,0.0352832,0.454643,27450
2674,0.0362888,0.246262,27489
2675,0.0548153,0.490137,23409
2676,0.0385951,0.33969,13648
2677,0.0619216,0.312858,22718
2678,0.0890811,0.540269,14990
2679,0.0897939,0.384981,11748
2680,0.0746369,0.536547,33884
2681,0.0551269,0.501676,24770
2682,0.0368685,0.418173,45667
2683,0.0370144,0.410566,18223
2684,0.0372644,0.707179,14825
2685,0.0372096,0.351032,3770
2686,0.036896,0.596355,20476
2687,0.0362707,0.461939,12880
2688,0.0544019,0.204818,29544
2689,0.0750438,0.737438,37582
2690,0.0907388,0.600181,47329
2691,0.053637,0.489937,35950
2692,0.0378997,0.45824,34072
2693,0.0544561,0.246633,44473
2694,0.0374721,0.520105,56577
2695,0.03641,0.626787,34445
2696,0.0364314,0.43829,32983
2697,0.0376306,0.675472,53309
2698,0.03726,0.556799,44810
2699,0.0368889,0.647142,44140
2700,0.0375473,0.484878,33681
2701,0.0376824,0.456921,44905
2702,0.0372246,0.468627,8376
2703,0.0364605,0.55009,4713
2704,0.0378065,0.280574,51439
2705,0.0367887,0.317712,9256
2706,0.0356156,0.285981,19884
2707,0.0369225,0.386428,20762
2708,0.0362904,0.54357,53446
2709,0.0356492,0.476974,20950
2710,0.0362747,0.534292,4326
2711,0.0362797,0.523977,5634
2712,0.0368068,0.429698,31811
2713,0.0365769,0.404989,43081
2714,0.0368832,0.388673,58062
2715,0.0358844,0.543573,50737
2716,0.036472,0.385793,28760
2717,0.037462,0.380097,11014
2718,0.0360189,0.345466,51696
2719,0.0356811,0.339843,28769
2720,0.0380683,0.409195,48171
2721,0.0357817,0.665257,33222
2722,0.0360614,0.340933,50023
2723,0.0378605,0.595757,50565
2724,0.036365,0.585733,44615
2725,0.0369785,0.237906,2122
2726,0.0382062,0.435589,44611
2727,0.0547258,0.442182,21850
2728,0.0357735,0.45056,57514
2729,0.0382315,0.431023,3578
2730,0.0364244,0.581396,31698
2731,0.0360018,0.496901,18527
2732,0.0364576,0.533801,55456
2733,0.0365085,0.359013,25650
2734,0.0365002,0.384234,10541
2735,0.0360734,0.590463,27902
2736,0.0367892,0.51824,15824
2737,0.03622,0.401539,10816
2738,0.0371367,0.41732,25435
2739,0.0382074,0.549705,8008
2740,0.0359707,0.271889,24006
2741,0.0365447,0.48293,53862
2742,0.0546904,0.572656,49734
2743,0.0359166,0.528649,32570
2744,0.0362851,0.460537,49377
2745,0.0375934,0.546635,12430
2746,0.0365067,0.256131,59071
2747,0.0353458,0.344216,11746
2748,0.0375851,0.471368,49770
2749,0.0379891,0.487996,14095
2750,0.0388415,0.387869,50612
2751,0.0379808,0.367977,34546
2752,0.0377876,0.544508,53669
2753,0.0385897,0.44329,637
2754,0.0565568,0.569873,28616
2755,0.0379718,0.412449,25969
2756,0.0382584,0.537729,25993
2757,0.0383267,0.182359,39328
2758,0.0371375,0.499109,19981
2759,0.0363748,0.384921,54333
2760,0.0364528,0.471402,18057
2761,0.0360725,0.452867,31082
2762,0.0367161,0.459109,5230
2763,0.0365004,0.432476,28746
2764,0.0367825,0.341858,33512
2765,0.0371664,0.388945,17376
2766,0.0366395,0.600787,33814
2767,0.0367948,0.538722,24218
2768,0.0369519,0.506979,19487
2769,0.0361213,0.429453,3277
2770,0.0372136,0.646517,6428
2771,0.0358302,0.545494,41043
2772,0.0361691,0.562021,17453
2773,0.0373987,0.535049,47591
2774,0.035832,0.55154,6760
2775,0.036185,0.550237,36602
2776,0.0372519,0.48406,48666
2777,0.0362943,0.475201,36764
2778,0.0365353,0.670447,38922
2779,0.0364264,0.43556,22710
2780,0.0369175,0.447693,31216
2781,0.0371791,0.366805,4747
2782,0.0371528,0.436435,17996
2783,0.0359512,0.575613,29342
2784,0.0383627,0.518923,55040
2785,0.0385565,0.50963,18119
2786,0.037373,0.200286,31848
2787,0.0363726,0.431465,27472
2788,0.0357941,0.310118,47400
2789,0.03854,0.270136,20459
2790,0.0357446,0.475436,26675
2791,0.0358476,0.430977,16550
2792,0.0368984,0.420673,53661
2793,0.0364897,0.681507,38423
2794,0.036362,0.427009,25957
2795,0.0367974,0.448612,25893
2796,0.037024,0.479495,43892
2797,0.0363427,0.603144,10258
2798,0.0361682,0.474611,2912
2799,0.0371198,0.556715,58268
2800,0.036484,0.534822,52881
2801,0.0366628,0.496353,55551
2802,0.0364352,0.532298,3607
2803,0.0364142,0.29839,8180
2804,0.0376107,0.53534,35771
2805,0.0375333,0.594888,22942
2806,0.0355581,0.515651,5444
2807,0.0356763,0.490671,33624
2808,0.0370435,0.357719,9263
2809,0.0364034,0.479576,47550
2810,0.0358553,0.48398,37135
2811,0.0373606,0.470473,21403
2812,0.0361964,0.494086,53868
2813,0.0371725,0.445732,40570
2814,0.0365457,0.508121,39666
2815,0.0382266,0.324221,14701
2816,0.036231,0.216992,16759
2817,0.0366747,0.321739,46166
2818,0.0368961,0.390402,16913
2819,0.0366891,0.426518,26035
2820,0.0359177,0.481833,51294
2821,0.0374062,0.437991,17508
2822,0.0363605,0.274868,10922
2823,0.0364093,0.712925,45652
2824,0.0371855,0.446356,6681
2825,0.0360567,0.356778,9507
2826,0.0353296,0.513868,36254
2827,0.0370816,0.241991,17032
2828,0.0366539,0.443792,30551
2829,0.0364027,0.527894,42572
2830,0.0367568,0.410979,12354
2831,0.0376967,0.396326,41172
2832,0.0354108,0.526219,11480
2833,0.0372917,0.42317,52998
2834,0.0381582,0.426274,54624
2835,0.0364404,0.52975,7366
2836,0.0366186,0.706855,9667
2837,0.0380134,0.270367,39490
2838,0.0362794,0.46093,26348
2839,0.0360674,0.546189,20200
2840,0.0375755,0.460956,55482
2841,0.0370927,0.520741,5786
2842,0.0357814,0.44762,23395
2843,0.0515471,0.413082,35351
2844,0.0411861,0.230358,47232
2845,0.0374673,0.483745,52467
2846,0.0370384,0.431861,16890
2847,0.0363432,0.50631,14432
2848,0.0357648,0.456507,3989
2849,0.0374255,0.495245,8662
2850,0.0357623,0.604102,42509
2851,0.0360061,0.56089,14231
2852,0.0374798,0.582996,28093
2853,0.036423,0.46182,20166
2854,0.0365593,0.4357,16409
2855,0.0360503,0.520863,22541
2856,0.0366927,0.408607,26200
2857,0.0357684,0.437871,25810
2858,0.0359097,0.403042,26278
2859,0.0365997,0.546066,27545
2860,0.0362319,0.484733,16118
2861,0.0365235,0.496198,19903
2862,0.0369226,0.447306,11881
2863,0.0365522,0.480174,54386
2864,0.0362697,0.384004,23026
2865,0.0369065,0.509029,30070
2866,0.0368552,0.545081,13696
2867,0.036374,0.311366,24126
2868,0.0364548,0.18228,37563
2869,0.0387417,0.533966,51163
2870,0.0353845,0.351308,32983
2871,0.0364535,0.547473,6497
2872,0.03693,0.440953,14185
2873,0.0368341,0.394212,8294
2874,0.0370125,0.326181,18367
2875,0.0376038,0.384464,35127
2876,0.0357608,0.371089,53472
2877,0.0362361,0.690013,30361
2878,0.0365794,0.226578,11358
2879,0.0370054,0.580964,48087
2880,0.0385384,0.207892,52498
2881,0.0364209,0.550819,10349
2882,0.0370855,0.441449,53738
2883,0.0365181,0.404917,51329
2884,0.0358529,0.539077,24867
2885,0.0560581,0.402396,4566
2886,0.0369943,0.42789,30006
2887,0.0368793,0.310631,50227
2888,0.0360261,0.432762,12139
2889,0.0366427,0.445185,48835
2890,0.0365835,0.397446,26886
2891,0.0369159,0.495553,6910
2892,0.0370827,0.396172,3645
2893,0.0368622,0.433362,35366
2894,0.0381038,0.480132,9452
2895,0.0361045,0.382045,58028
2896,0.035914,0.566378,59421
2897,0.0372621,0.494184,9811
2898,0.0388352,0.428623,37516
2899,0.0361098,0.363855,9194
2900,0.0362393,0.513656,7596
2901,0.0366925,0.476074,45564
2902,0.0360091,0.318815,42422
2903,0.0379285,0.42405,19078
2904,0.0377405,0.438342,20497
2905,0.0382709,0.55224,21190
2906,0.0358148,0.434092,31140
2907,0.0384729,0.564371,36596
2908,0.0371334,0.480251,5350
2909,0.0364735,0.590374,19186
2910,0.0379696,0.578548,20960
2911,0.0362637,0.44864,37398
2912,0.0361753,0.221458,1242
2913,0.0368373,0.526987,49788
2914,0.0362252,0.489648,35498
2915,0.0361833,0.319698,14930
2916,0.0355233,0.431206,18187
2917,0.037189,0.538978,40919
2918,0.0366118,0.528309,11563
2919,0.0365836,0.717374,38362
2920,0.0360945,0.668714,27390
2921,0.0362941,0.593893,19615
2922,0.0361486,0.54308,8909
2923,0.0366858,0.39859,30010
2924,0.0358785,0.45334,43070
2925,0.0356967,0.748152,6983
2926,0.0363703,0.391124,40250
2927,0.0390053,0.76444,37743
2928,0.0727811,0.20578,50979
2929,0.0363952,0.569755,14235
2930,0.0371422,0.751219,29787
2931,0.0370418,0.483452,59886
2932,0.0363595,0.529735,35634
2933,0.036777,0.419992,7220
2934,0.0365675,0.405451,5964
2935,0.0360638,0.432955,28206
2936,0.0361074,0.411663,18484
2937,0.035931,0.348858,49011
2938,0.0544167,0.474868,38229
2939,0.0357737,0.642362,44590
2940,0.035505,0.52465,13837
2941,0.0368813,0.474695,14925
2942,0.0363036,0.310214,15120
2943,0.0360056,0.42481,44745
2944,0.0383336,0.642334,2144
2945,0.0373647,0.625601,5736
2946,0.0363545,0.342625,39451
2947,0.0370184,0.34277,24165
2948,0.0361838,0.489687,49604
2949,0.0358741,0.481888,9213
2950,0.0359061,0.250826,31348
2951,0.0366106,0.455214,17722
2952,0.035697,0.499188,33602
2953,0.0367378,0.545503,27764
2954,0.0369683,0.469292,40249
2955,0.0360983,0.487396,35447
2956,0.0361975,0.521431,28141
2957,0.0535846,0.629,32533
2958,0.0354851,0.446099,27605
2959,0.0368814,0.646456,7839
2960,0.053913,0.396243,31800
2961,0.0373524,0.554763,42672
2962,0.0380448,0.231799,10564
2963,0.0371702,0.579881,11408
2964,0.0367178,0.453836,37150
2965,0.0361645,0.237467,42602
2966,0.037876,0.392907,20964
2967,0.0359354,0.299852,47232
2968,0.0359453,0.499352,53066
2969,0.0548878,0.593182,33235
2970,0.0357601,0.732171,38564
2971,0.054896,0.547602,55808
2972,0.0352262,0.431915,36569
2973,0.0358786,0.412659,44550
2974,0.0376255,0.202496,50261
2975,0.0357834,0.597598,18012
2976,0.0361725,0.420824,41488
2977,0.0372708,0.436649,19693
2978,0.0365947,0.42671,5036
2979,0.0358495,0.605583,13794
2980,0.0365292,0.413501,1504
2981,0.0368444,0.525897,35023
2982,0.037129,0.26148,45768
2983,0.0549993,0.342125,42124
2984,0.0367725,0.278992,54607
2985,0.0377445,0.571942,53447
2986,0.0373458,0.503494,10432
2987,0.0367437,0.474884,3188
2988,0.0367714,0.456744,2974
2989,0.0362597,0.630397,3048
2990,0.0378803,0.505045,42662
2991,0.0363786,0.512108,14087
2992,0.0369171,0.497793,30774
2993,0.0371237,0.533648,819
2994,0.0367328,0.536574,13468
2995,0.0359835,0.484154,37336
2996,0.0369815,0.417793,57963
2997,0.0367349,0.207181,54607
2998,0.0365887,0.584292,55552
2999,0.0364457,0.402602,56570
3000,0.0360668,0.46049,52844
3001,0.0363164,0.637877,39139
3002,0.0362455,0.470655,49766
3003,0.0373148,0.213398,6206
3004,0.0358265,0.486831,22901
3005,0.036042,0.515956,15300
3006,0.0378219,0.349797,56905
3007,0.0353723,0.544802,46418
3008,0.0358412,0.450088,45708
3009,0.036779,0.325957,3276
3010,0.0360351,0.622954,47367
3011,0.0355733,0.626665,36197
3012,0.0369615,0.516297,5763
3013,0.0363828,0.405481,55911
3014,0.0369484,0.371896,55716
3015,0.0371449,0.447857,40639
3016,0.036558,0.451086,36143
3017,0.0375279,0.504353,25184
3018,0.0380279,0.340162,5619
3019,0.0374755,0.251278,43844
3020,0.0374745,0.434824,17236
3021,0.0389078,0.546613,2733
3022,0.0376195,0.572625,53922
3023,0.0359968,0.469357,24416
3024,0.0365577,0.505363,7843
3025,0.0366315,0.380071,25313
3026,0.0358378,0.4467,5675
3027,0.0360012,0.281957,16148
3028,0.0369372,0.553942,56113
3029,0.0364905,0.537593,37530
3030,0.0363076,0.72401,46587
3031,0.036948,0.491344,22157
3032,0.0357972,0.336541,52865
3033,0.0362228,0.53972,35709
3034,0.0366731,0.394514,51334
3035,0.0373716,0.708177,41197
3036,0.0361337,0.465103,8981
3037,0.0359817,0.475507,50527
3038,0.0361282,0.51751,38076
3039,0.0365289,0.359806,41248
3040,0.0359952,0.337782,50380
3041,0.0376307,0.405148,18377
3042,0.0373767,0.46463,8179
3043,0.0365449,0.444171,36168
3044,0.0367517,0.38995,46398
3045,0.0374223,0.506883,30423
3046,0.0359869,0.563272,17084
3047,0.036022,0.388512,46386
3048,0.0365537,0.501947,35827
3049,0.0358733,0.491273,3319
3050,0.0357726,0.236821,46930
3051,0.0367078,0.400919,3445
3052,0.0373143,0.356812,51290
3053,0.0356954,0.447843,1490
3054,0.037113,0.45693,59254
3055,0.0356552,0.512374,49584
3056,0.0359747,0.421345,53505
3057,0.0381157,0.598808,41366
3058,0.036235,0.318147,15914
3059,0.0363717,0.554757,22022
3060,0.0366659,0.707702,11992
3061,0.0359474,0.492655,32620
3062,0.0361398,0.633577,20892
3063,0.0360491,0.519869,36985
3064,0.0383561,0.515598,42196
3065,0.0362389,0.667066,40698
3066,0.0358566,0.429615,20490
3067,0.0368219,0.547402,56936
3068,0.0357323,0.486372,31060
3069,0.0359804,0.589983,56563
3070,0.0380635,0.126102,27111
3071,0.0360211,0.461924,25038
3072,0.0360125,0.513968,19000
3073,0.0375425,0.659479,44657
3074,0.0361336,0.392966,17853
3075,0.036337,0.428633,56877
3076,0.0366605,0.354147,14957
3077,0.0536551,0.505583,29446
3078,0.0360508,0.693059,48722
3079,0.0376866,0.299225,42146
3080,0.0374423,0.54997,32420
3081,0.0369355,0.415169,46935
3082,0.0365046,0.456912,24989
3083,0.0379423,0.471777,53566
3084,0.0369879,0.448234,10841
3085,0.0371575,0.462417,44457
3086,0.0385936,0.493584,45316
3087,0.0361779,0.351481,38802
3088,0.0364491,0.570872,4934
3089,0.0369681,0.505559,38636
3090,0.0362505,0.433843,22744
3091,0.0365528,0.472573,3643
3092,0.0387499,0.229555,5655
3093,0.0360208,0.474146,13256
3094,0.0372043,0.480507,7397
3095,0.036547,0.660292,46322
3096,0.0361072,0.402354,43709
3097,0.0363699,0.235372,8760
3098,0.0374751,0.39371,49742
3099,0.0372006,0.258805,34083
3100,0.0364816,0.526398,30399
3101,0.0370584,0.396523,43143
3102,0.0373149,0.48885,45899
3103,0.0375628,0.539312,56640
3104,0.036206,0.416717,26488
3105,0.0363535,0.541849,11066
3106,0.0360478,0.533986,25246
3107,0.0386184,0.424532,36313
3108,0.0378562,0.65021,46208
3109,0.0358541,0.606432,24984
3110,0.0362216,0.57607,7784
3111,0.0370303,0.472945,1513
3112,0.036217,0.521078,25445
3113,0.0360331,0.597366,11402
3114,0.0360543,0.582371,41456
3115,0.0362789,0.629887,47403
3116,0.0362462,0.43622,6056
3117,0.0355846,0.647904,20264
3118,0.0374352,0.38761,25393
3119,0.0358857,0.39068,46597
3120,0.0358923,0.496221,32299
3121,0.0363287,0.472915,49879
3122,0.0365956,0.631791,32122
3123,0.0364385,0.455725,17857
3124,0.0360015,0.289878,27309
3125,0.0365368,0.314666,24813
3126,0.0363096,0.225772,41638
3127,0.0367917,0.483693,21671
3128,0.0369278,0.457004,7554
3129,0.0376022,0.508174,21861
3130,0.0362963,0.398604,34546
3131,0.0376857,0.530327,40883
3132,0.0377524,0.496744,14756
3133,0.0362784,0.490196,42213
3134,0.0382071,0.499925,46593
3135,0.0364728,0.48816,12851
3136,0.03536,0.661267,42844
3137,0.03754,0.524867,34249
3138,0.03623,0.588993,48038
3139,0.0377644,0.500596,53043
3140,0.0386706,0.342578,16519
3141,0.0365061,0.442029,35540
3142,0.0363782,0.48297,50966
3143,0.0359536,0.232107,46276
3144,0.042988,0.552944,9016
3145,0.0847267,0.657775,47828
3146,0.0385814,0.688308,18039
3147,0.0371391,0.498423,9532
3148,0.0379501,0.29691,52498
3149,0.0387007,0.494026,34598
3150,0.0375096,0.532434,47329
3151,0.0378533,0.463545,6360
3152,0.0559008,0.257037,24932
3153,0.0546365,0.531163,58448
3154,0.0375825,0.550368,23276
3155,0.0366368,0.475254,44905
3156,0.0367427,0.393251,52571
3157,0.0368638,0.605863,35976
3158,0.0376797,0.430661,28003
3159,0.0369412,0.371234,24428
3160,0.0385628,0.507538,33262
3161,0.0366166,0.391647,29325
3162,0.036432,0.395923,9988
3163,0.0359406,0.44431,46614
3164,0.0361188,0.517473,13536
3165,0.0362752,0.349375,8073
3166,0.0362389,0.422729,41324
3167,0.0376955,0.579051,27172
3168,0.0361962,0.387982,57052
3169,0.0369639,0.40718,59481
3170,0.036193,0.446986,57186
3171,0.0360038,0.536778,37472
3172,0.0359077,0.578076,38284
3173,0.03701,0.489523,21538
3174,0.0360939,0.414292,21935
3175,0.0360227,0.171015,50850
3176,0.0363595,0.622939,11299
3177,0.036403,0.421445,50262
3178,0.0367214,0.398916,32162
3179,0.037436,0.370482,39055
3180,0.0366521,0.388993,27232
3181,0.0363016,0.492949,7990
3182,0.037638,0.366657,54403
3183,0.0362285,0.542544,53538
3184,0.0363141,0.577375,38994
3185,0.0362863,0.488445,55582
3186,0.037363,0.578341,40935
3187,0.0368329,0.416408,3861
3188,0.0367247,0.447771,18011
3189,0.0364281,0.641407,57570
3190,0.0362959,0.436818,25463
3191,0.0360597,0.472576,58553
3192,0.0374769,0.420343,55842
3193,0.0358177,0.592252,4271
3194,0.0359593,0.43337,1765
3195,0.0357648,0.467059,46978
3196,0.0381932,0.376544,38682
3197,0.0371628,0.36577,39219
3198,0.0364785,0.554062,7824
3199,0.0559431,0.510498,3752
3200,0.0362213,0.395295,22216
3201,0.0367168,0.447827,59222
3202,0.0369213,0.610031,39107
3203,0.0360285,0.282865,58576
3204,0.0374569,0.428111,16440
3205,0.0370286,0.60417,23422
3206,0.0363124,0.612722,5163
3207,0.035788,0.498743,31970
3208,0.0361932,0.530089,45551
3209,0.0352723,0.385086,34499
3210,0.0363678,0.330356,43129
3211,0.0375043,0.300939,28349
3212,0.0364441,0.581376,10673
3213,0.0361208,0.484884,25123
3214,0.0377522,0.262733,48537
3215,0.0364047,0.34253,29772
3216,0.0368359,0.53287,50013
3217,0.0367448,0.461612,48725
3218,0.0366563,0.39167,18376
3219,0.0365338,0.465337,30240
3220,0.0369374,0.470129,53086
3221,0.0366619,0.44759,19921
3222,0.0358141,0.699679,3615
3223,0.0352521,0.492135,18748
3224,0.0363251,0.447631,39991
3225,0.0361758,0.600089,35842
3226,0.0361823,0.280752,23378
3227,0.0395049,0.313109,4010
3228,0.036107,0.562969,30758
3229,0.0360493,0.488172,13676
3230,0.0375492,0.200898,52758
3231,0.0373476,0.244046,52244
3232,0.0358982,0.503351,42330
3233,0.0359611,0.395481,53834
3234,0.0379934,0.467555,7804
3235,0.0363922,0.531165,3052
3236,0.0360463,0.453306,25286
3237,0.0367172,0.356958,40468
3238,0.0370781,0.473671,55994
3239,0.036261,0.566499,53322
3240,0.0387156,0.607214,3374
3241,0.0361204,0.382908,42124
3242,0.0355989,0.472767,52728
3243,0.0361725,0.527772,54812
3244,0.0360706,0.299082,1734
3245,0.0365137,0.560631,37319
3246,0.0362671,0.606941,44320
3247,0.0370575,0.431738,5322
3248,0.0362781,0.463246,21647
3249,0.0353986,0.429769,39471
3250,0.0383716,0.575397,32148
3251,0.0363436,0.490101,5730
3252,0.0361582,0.449566,32932
3253,0.0377259,0.288975,2988
3254,0.0360229,0.492224,35206
3255,0.0365304,0.331539,11793
3256,0.0380035,0.46339,48383
3257,0.0377921,0.498166,55996
3258,0.0358267,0.390281,46978
3259,0.0363783,0.238492,38424
3260,0.0361183,0.48323,11380
3261,0.0357311,0.440137,24667
3262,0.0374165,0.619047,38075
3263,0.0372815,0.518603,48509
3264,0.0364887,0.236612,44453
3265,0.036175,0.390517,5286
3266,0.0377446,0.509427,42801
3267,0.0362672,0.57093,22369
3268,0.0351703,0.268795,41884
3269,0.0382347,0.670433,14418
3270,0.0363497,0.484817,34012
3271,0.0355756,0.284311,21142
3272,0.0364124,0.316191,4412
3273,0.0366001,0.328698,106
3274,0.0362359,0.505266,12854
3275,0.0368132,0.589622,7535
3276,0.038105,0.224259,32224
3277,0.0531049,0.620763,30449
3278,0.0359907,0.351695,40970
3279,0.0374299,0.429122,23769
3280,0.0361628,0.574757,21722
3281,0.0372239,0.283536,41954
3282,0.0365554,0.516273,18888
3283,0.0365332,0.505844,52692
3284,0.0372285,0.5281,39547
3285,0.0373899,0.454282,53874
3286,0.0364051,0.351044,44890
3287,0.035145,0.4124,56829
3288,0.0372501,0.57303,21304
3289,0.0367778,0.501521,32352
3290,0.0360963,0.540917,34018
3291,0.0365118,0.428688,21777
3292,0.0369575,0.485368,13482
3293,0.0351236,0.458589,6056
3294,0.0368265,0.491685,53164
3295,0.0363296,0.571406,4462
3296,0.0364581,0.433113,42639
3297,0.0373408,0.513793,1090
3298,0.0365738,0.469373,39063
3299,0.0356396,0.584115,12350
3300,0.0360271,0.669658,13190
3301,0.0381394,0.5115,20284
3302,0.0362704,0.575217,33564
3303,0.0361154,0.473569,24159
3304,0.0376545,0.412009,1890
3305,0.0360315,0.509878,32526
3306,0.0355892,0.377416,27638
3307,0.0361113,0.392578,50622
3308,0.0379552,0.404226,28897
3309,0.0363277,0.288755,28764
3310,0.0375767,0.387711,15120
3311,0.0357432,0.523701,34438
3312,0.0364506,0.431303,1752
3313,0.0364071,0.483766,23288
3314,0.0363963,0.194296,32038
3315,0.0377288,0.420142,25460
3316,0.0371517,0.629844,13744
3317,0.0371862,0.448594,53460
3318,0.0366049,0.468313,50167
3319,0.0374712,0.435169,38778
3320,0.0376442,0.198992,33122
3321,0.0360992,0.600854,21865
3322,0.035865,0.400172,21454
3323,0.0364193,0.481871,14454
3324,0.0372365,0.595938,46380
3325,0.0355012,0.35652,13268
3326,0.0360188,0.615045,7600
3327,0.0366176,0.367761,18147
3328,0.0359914,0.484316,58751
3329,0.0363511,0.501293,40070
3330,0.0380485,0.598424,47171
3331,0.0369603,0.415723,28127
3332,0.0372679,0.511735,36540
3333,0.0368196,0.54685,27383
3334,0.0365126,0.57287,55108
3335,0.0361387,0.658811,26037
3336,0.0371352,0.643501,4663
3337,0.0358971,0.5883,39691
3338,0.035454,0.488802,26440
3339,0.0364452,0.54115,50720
3340,0.0364992,0.429404,57668
3341,0.0357717,0.51457,13861
3342,0.0357795,0.346441,32325
3343,0.0376506,0.570306,48204
3344,0.0359698,0.551039,25092
3345,0.0357453,0.539258,11270
3346,0.0372807,0.445023,22288
3347,0.0365324,0.407111,14717
3348,0.0362203,0.421295,25365
3349,0.0372759,0.499413,55174
3350,0.0365194,0.420602,36496
3351,0.0361899,0.316515,46077
3352,0.0378074,0.418243,55560
3353,0.036056,0.261663,45994
3354,0.0363134,0.191611,43948
3355,0.0526409,0.513389,47378
3356,0.0374152,0.473428,57885
3357,0.0367157,0.425076,4877
3358,0.0552692,0.424609,31314
3359,0.0897239,0.342639,15628
3360,0.0363512,0.28539,17887
3361,0.0359206,0.565394,34485
3362,0.0360218,0.361699,42325
3363,0.0374949,0.391669,44004
3364,0.0356723,0.555617,28342
3365,0.0359215,0.611721,29707
3366,0.0370089,0.415942,46234
3367,0.0361192,0.483169,17600
3368,0.0368602,0.315351,26665
3369,0.0545837,0.505967,56576
3370,0.0377301,0.490432,28290
3371,0.0368984,0.360305,24348
3372,0.0388614,0.410643,6086
3373,0.0386442,0.656724,9426
3374,0.0368161,0.406569,28940
3375,0.0373319,0.632763,42219
3376,0.0371458,0.471135,10799
3377,0.0368949,0.583352,3984
3378,0.0554026,0.432302,9102
3379,0.0365362,0.203927,41824
3380,0.0365892,0.265833,4390
3381,0.0390873,0.56088,38752
3382,0.0372943,0.333411,38555
3383,0.0369779,0.437439,34601
3384,0.0357397,0.640721,47036
3385,0.0371571,0.564414,57670
3386,0.0367465,0.240519,16651
3387,0.0389653,0.34861,54599
3388,0.0371384,0.488404,39117
3389,0.0361205,0.386758,37125
3390,0.0359703,0.396771,18249
3391,0.0380037,0.360592,20682
3392,0.0372223,0.459445,52481
3393,0.0373717,0.632407,24166
3394,0.037333,0.606755,29400
3395,0.036692,0.363022,54699
3396,0.036849,0.60104,35137
3397,0.0369,0.519275,56595
3398,0.0368704,0.338243,24753
3399,0.0356728,0.503365,371
3400,0.0551918,0.401164,17490
3401,0.0362715,0.519811,52036
3402,0.0362754,0.311343,36
3403,0.0371952,0.353796,56937
3404,0.035982,0.560967,27511
3405,0.0366181,0.515506,18057
3406,0.0368526,0.509784,12085
3407,0.0365606,0.429351,24104
3408,0.0362986,0.43312,43488
3409,0.0369122,0.415112,39489
3410,0.0371908,0.500891,1446
3411,0.0361153,0.385001,29397
3412,0.0373124,0.699082,47572
3413,0.0366622,0.414295,54900
3414,0.0360591,0.495292,14709
3415,0.0359613,0.516434,41984
3416,0.0370454,0.664062,23137
3417,0.0374574,0.444797,15028
3418,0.0364328,0.461422,18616
3419,0.037027,0.276459,102
3420,0.0543981,0.172947,10342
3421,0.073564,0.227219,55279
3422,0.0362315,0.443199,18222
3423,0.0365247,0.389425,35499
3424,0.0365443,0.35399,16436
3425,0.0374743,0.472012,42030
3426,0.0361738,0.446786,14443
3427,0.0375607,0.541101,13493
3428,0.0362782,0.410385,43582
3429,0.0371027,0.463288,18297
3430,0.0384588,0.323461,57929
3431,0.0368043,0.466947,1261
3432,0.0355795,0.53924,57396
3433,0.0361307,0.235827,20052
3434,0.0374958,0.273248,48518
3435,0.0362605,0.550304,4428
3436,0.0365753,0.541594,24746
3437,0.0545091,0.412838,25438
3438,0.0362374,0.273196,25448
3439,0.0375626,0.334274,38802
3440,0.0368369,0.581053,7034
3441,0.0370482,0.523121,12253
3442,0.0380823,0.397522,19142
3443,0.0372616,0.540646,42423
3444,0.0369719,0.484472,17281
3445,0.0360423,0.358369,51585
3446,0.0377044,0.391848,12888
3447,0.0367721,0.523568,59257
3448,0.0363791,0.696787,32794
3449,0.0368317,0.462736,48965
3450,0.0365641,0.387107,26415
3451,0.0360175,0.574012,50994
3452,0.0369345,0.285358,15148
3453,0.0371464,0.397939,53600
3454,0.036362,0.162066,19394
3455,0.0370221,0.177027,14224
3456,0.0349383,0.71709,42043
3457,0.0362332,0.316186,58926
3458,0.0361274,0.442034,46763
3459,0.0367689,0.371135,19690
3460,0.0361437,0.618551,35877
3461,0.0359304,0.441657,18825
3462,0.0370417,0.570399,47256
3463,0.0360011,0.406694,54358
3464,0.036743,0.302561,56728
3465,0.0371294,0.487278,21480
3466,0.036099,0.533457,51969
3467,0.0369211,0.335841,32123
3468,0.0373626,0.557982,7144
3469,0.035793,0.430652,31098
3470,0.0373292,0.448915,44987
3471,0.0371827,0.198109,37179
3472,0.0366449,0.425637,27387
3473,0.0360458,0.491149,45351
3474,0.0360133,0.770392,1998
3475,0.0357582,0.577891,41707
3476,0.0358355,0.604961,25266
3477,0.0357626,0.355986,5411
3478,0.0541746,0.311323,54677
3479,0.0354563,0.485506,42448
3480,0.0359354,0.271172,8529
3481,0.0376643,0.343637,20533
3482,0.0363307,0.518063,16403
3483,0.0360072,0.431386,19690
3484,0.0368679,0.447636,17853
3485,0.0371138,0.346734,38632
3486,0.0369304,0.411248,12761
3487,0.0363865,0.401272,3319
3488,0.0366234,0.441338,48427
3489,0.0386113,0.583456,59831
3490,0.036496,0.544536,9630
3491,0.0364498,0.471368,58179
3492,0.0363546,0.479233,30347
3493,0.0367911,0.482605,52794
3494,0.037218,0.376316,56392
3495,0.0362636,0.446336,7734
3496,0.0361303,0.485293,19240
3497,0.0373794,0.439188,34810
3498,0.0365052,0.507419,57044
3499,0.0367838,0.371351,56858
3500,0.0365681,0.434856,36940
3501,0.0365906,0.487987,53505
3502,0.0374296,0.489141,6163
3503,0.03665,0.564316,21220
3504,0.0367651,0.500054,43120
3505,0.0364684,0.475461,23686
3506,0.0365524,0.563149,41934
3507,0.0379347,0.409636,33859
3508,0.0365414,0.423492,42654
3509,0.036869,0.560284,32110
3510,0.0373689,0.43475,15368
3511,0.0370776,0.516147,30810
3512,0.0360904,0.371888,2624
3513,0.0378802,0.501093,52495
3514,0.0360886,0.439087,48822
3515,0.0358175,0.483912,8941
3516,0.0368013,0.585771,40706
3517,0.0359077,0.440769,294
3518,0.0364228,0.411701,29768
3519,0.0363769,0.531806,49997
3520,0.0370079,0.697706,39486
3521,0.0352531,0.411666,14075
3522,0.0366201,0.430069,47590
3523,0.0378854,0.456685,56400
3524,0.0367029,0.422292,4683
3525,0.0361165,0.378478,56992
3526,0.0367021,0.323075,50867
3527,0.0367177,0.460792,31775
3528,0.0363236,0.437749,31811
3529,0.0368497,0.414505,31358
3530,0.0361386,0.458067,15394
3531,0.0373497,0.492007,49810
3532,0.0530472,0.238739,3954
3533,0.0371712,0.584012,16578
3534,0.0356729,0.552914,36641
3535,0.0358619,0.408325,36231
3536,0.0356419,0.48119,50637
3537,0.0362134,0.487327,22845
3538,0.0361571,0.33876,36988
3539,0.0364685,0.456374,5566
3540,0.0364662,0.416869,34381
3541,0.0362644,0.527413,20056
3542,0.0363783,0.631353,1030
3543,0.0362303,0.529935,14290
3544,0.0353496,0.569434,53613
3545,0.0376705,0.350539,299
3546,0.0363168,0.212995,14942
3547,0.0375047,0.502097,2280
3548,0.0384396,0.474273,321
3549,0.0376167,0.504722,53028
3550,0.0361194,0.498728,26394
3551,0.0381442,0.400049,5581
3552,0.0360076,0.829971,41277
3553,0.0360158,0.295983,4973
3554,0.0361869,0.346646,56411
3555,0.0376151,0.551767,33205
3556,0.0359699,0.55364,6177
3557,0.0367024,0.505745,44082
3558,0.0374276,0.475051,14817
3559,0.0369027,0.77959,3740
3560,0.0367274,0.319625,54847
3561,0.0391029,0.485677,23592
3562,0.0358484,0.221254,54094
3563,0.0368984,0.433717,50785
3564,0.0363065,0.582422,25608
3565,0.0360469,0.556562,41538
3566,0.0361598,0.306624,43122
3567,0.0372602,0.706805,24241
3568,0.0362224,0.488192,3978
3569,0.0363863,0.471212,21397
3570,0.0369377,0.441714,19775
3571,0.0362817,0.484296,33262
3572,0.0358748,0.365089,2348
3573,0.0355844,0.569459,16710
3574,0.0377257,0.619488,50876
3575,0.0361332,0.690714,13776
3576,0.0360355,0.583249,14766
3577,0.0374563,0.523371,40816
3578,0.0363912,0.575484,59714
3579,0.0360915,0.407716,51381
3580,0.0363375,0.423587,44271
3581,0.0357792,0.37031,9027
3582,0.0357061,0.265085,19452
3583,0.0368959,0.555288,44874
3584,0.0370649,0.362912,55817
3585,0.0367365,0.493063,42606
3586,0.0366055,0.299965,19440
3587,0.0378229,0.484148,8487
3588,0.0354164,0.411997,24167
3589,0.0361941,0.489639,43190
3590,0.0373275,0.551429,38059
3591,0.0367532,0.564094,48016
3592,0.0360163,0.493196,30319
3593,0.0376596,0.273381,18942
3594,0.0361616,0.31617,41558
3595,0.0364217,0.525736,55708
3596,0.0388344,0.50849,51350
3597,0.0363517,0.602149,43950
3598,0.0363211,0.420954,25416
3599,0.0364716,0.686047,17684
3600,0.0367942,0.456355,26632
3601,0.0354964,0.390766,36110
3602,0.0366337,0.324322,19451
3603,0.0374535,0.260031,24554
3604,0.0369151,0.747097,45844
3605,0.0368968,0.275825,17704
3606,0.0371122,0.458461,41748
3607,0.0368612,0.468978,33554
3608,0.0376295,0.352343,55745
3609,0.0386983,0.49763,1770
3610,0.0364329,0.455911,44581
3611,0.0356207,0.42894,28021
3612,0.0362673,0.428802,6804
3613,0.0371416,0.495116,38043
3614,0.0363202,0.551418,59257
3615,0.0365504,0.545148,24334
3616,0.0548995,0.590108,30302
3617,0.0368351,0.43183,11483
3618,0.0548985,0.574092,57759
3619,0.0364105,0.48138,55965
3620,0.0356246,0.511724,28485
3621,0.0356729,0.484161,51146
3622,0.0360791,0.328512,52877
3623,0.0357557,0.616915,32354
3624,0.0369204,0.474018,5373
3625,0.037916,0.289909,8578
3626,0.035772,0.480768,16230
3627,0.036022,0.603485,4375
3628,0.0366717,0.435614,27571
3629,0.0357822,0.560281,47867
3630,0.0375042,0.448307,15080
3631,0.0367453,0.551068,54970
3632,0.0365066,0.37213,1730
3633,0.0362613,0.386715,28871
3634,0.0538064,0.501446,18505
3635,0.0722264,0.471036,59429
3636,0.0376423,0.606098,54970
3637,0.0365424,0.385421,18265
3638,0.0359183,0.200883,20443
3639,0.0371868,0.20989,11058
3640,0.0359677,0.623581,53014
3641,0.0361553,0.247578,23134
3642,0.0363462,0.464659,33080
3643,0.0357495,0.330183,25525
3644,0.0359272,0.403558,34001
3645,0.036966,0.597121,51800
3646,0.0367496,0.530763,58645
3647,0.0362417,0.394572,47262
3648,0.0366849,0.221309,45768
3649,0.0366539,0.289623,42339
3650,0.0359678,0.335972,39360
3651,0.0360889,0.212819,52120
3652,0.0367224,0.278896,14682
3653,0.0359167,0.473007,48376
3654,0.0363666,0.707879,23455
3655,0.0377629,0.398038,43122
3656,0.0365339,0.568619,12252
3657,0.0361667,0.342429,54539
3658,0.0375962,0.500971,36853
3659,0.0362784,0.519715,33299
3660,0.0357626,0.369756,9035
3661,0.0365809,0.428219,9780
3662,0.0363296,0.492461,6291
3663,0.0357665,0.576144,18172
3664,0.0365614,0.555505,25216
3665,0.0374022,0.4654,51407
3666,0.0373465,0.463652,47556
3667,0.0370668,0.444579,52471
3668,0.0366177,0.468888,25551
3669,0.0358849,0.189153,41029
3670,0.0363574,0.365535,19116
3671,0.0369371,0.291019,18344
3672,0.0366526,0.572878,25990
3673,0.0367273,0.241715,44210
3674,0.0543624,0.683195,7376
3675,0.036544,0.41091,47706
3676,0.0362462,0.394628,45685
3677,0.0374839,0.366325,36269
3678,0.0362394,0.423362,32750
3679,0.0356777,0.197158,10085
3680,0.0358707,0.434084,36331
3681,0.048881,0.586718,5250
3682,0.042273,0.534291,49873
3683,0.037018,0.544413,44715
3684,0.0364257,0.471068,6716
3685,0.0364564,0.593094,16612
3686,0.0364613,0.478631,43759
3687,0.0368145,0.471563,39139
3688,0.0362551,0.515808,46536
3689,0.0362924,0.183545,22214
3690,0.0370461,0.396019,39226
3691,0.0368256,0.513481,54640
3692,0.0363442,0.422535,40783
3693,0.0364675,0.312753,22338
3694,0.0364052,0.567162,50901
3695,0.0360603,0.388478,22429
3696,0.0551919,0.429636,41074
3697,0.0358952,0.450211,13172
3698,0.035517,0.508332,2615
3699,0.0377682,0.289347,18372
3700,0.0362881,0.4082,10964
3701,0.036479,0.440944,22460
3702,0.0368642,0.689948,24398
3703,0.0365052,0.508544,10106
3704,0.0362394,0.357855,38971
3705,0.037151,0.654188,27927
3706,0.0361315,0.401631,33831
3707,0.0363181,0.54847,15950
3708,0.0363026,0.605182,16870
3709,0.0368585,0.544053,12006
3710,0.0353366,0.752187,790
3711,0.0371496,0.354716,13646
3712,0.0375954,0.370102,12523
3713,0.0367735,0.564202,43089
3714,0.0358621,0.414483,11390
3715,0.0368007,0.377914,51519
3716,0.0354811,0.494153,6668
3717,0.0359814,0.521472,26324
3718,0.0362201,0.60756,4460
3719,0.0357328,0.314751,41448
3720,0.0359968,0.446018,47262
3721,0.0366233,0.381869,40794
3722,0.0380121,0.510046,50673
3723,0.0363074,0.491339,1683
3724,0.0375064,0.509126,25650
3725,0.0375702,0.57269,50027
3726,0.0369954,0.510556,32558
3727,0.0359152,0.581624,50500
3728,0.0374775,0.449405,23592
3729,0.0362187,0.40296,47102
3730,0.0378615,0.457067,38076
3731,0.0380202,0.468053,44934
3732,0.0375991,0.449983,39092
3733,0.0368344,0.201436,49167
3734,0.0363989,0.476584,30187
3735,0.035996,0.328843,25408
3736,0.0358963,0.452322,33521
3737,0.0363699,0.509455,6369
3738,0.0373173,0.539262,56621
3739,0.0369898,0.655893,30072
3740,0.0356229,0.558951,24584
3741,0.0367783,0.237595,17782
3742,0.0361679,0.626371,18984
3743,0.0362784,0.332334,28229
3744,0.0375581,0.466335,18403
3745,0.0363008,0.284358,19940
3746,0.0362914,0.622654,50378
3747,0.0371035,0.230799,18070
3748,0.0363359,0.420445,50509
3749,0.0359715,0.581496,49066
3750,0.0365012,0.708858,3801
3751,0.036735,0.819399,29508
3752,0.0359644,0.577082,43904
3753,0.0365216,0.385128,10474
3754,0.0360602,0.472157,24149
3755,0.0361991,0.575841,41196
3756,0.0361486,0.656538,22147
3757,0.0375862,0.659799,20859
3758,0.0361058,0.442176,18101
3759,0.0360533,0.411225,27387
3760,0.0369676,0.332232,42289
3761,0.0371778,0.283339,39012
3762,0.0362924,0.588417,35993
3763,0.0371334,0.486112,52608
3764,0.0363501,0.610668,23136
3765,0.0368584,0.225463,23576
3766,0.0373564,0.555358,19342
3767,0.0378914,0.715463,13149
3768,0.0379708,0.368635,59353
3769,0.037048,0.522627,32013
3770,0.0376979,0.424547,9337
3771,0.036714,0.630025,36492
3772,0.0367663,0.484084,46094
3773,0.0367852,0.642585,33463
3774,0.0372212,0.605087,22710
3775,0.0368698,0.474069,44585
3776,0.0374586,0.668299,26062
3777,0.0361384,0.274246,53467
3778,0.0367229,0.798942,2000
3779,0.0542579,0.198866,21740
3780,0.0376739,0.629962,28467
3781,0.0379522,0.543659,39876
3782,0.055675,0.575056,28915
3783,0.0380637,0.377866,20358
3784,0.0374052,0.208782,56637
3785,0.0366698,0.463609,51630
3786,0.0367182,0.254195,37499
3787,0.0374129,0.465148,1233
3788,0.0362459,0.453625,31953
3789,0.0366938,0.238044,59373
3790,0.0375248,0.36317,40042
3791,0.0380404,0.48216,53530
3792,0.0369037,0.559039,46846
3793,0.0361426,0.513724,29910
3794,0.0371204,0.488602,14669
3795,0.0385527,0.610589,8958
3796,0.0384982,0.598269,41860
3797,0.0375775,0.496442,55910
3798,0.035787,0.33265,4894
3799,0.0359204,0.444492,9082
3800,0.0370295,0.439929,43061
3801,0.0364189,0.549387,59255
3802,0.0362647,0.581289,44828
3803,0.0360281,0.384384,25629
3804,0.0351475,0.517706,15883
3805,0.0369478,0.33172,15120
3806,0.03608,0.735975,22565
3807,0.0387353,0.529773,41231
3808,0.0370611,0.678952,44245
3809,0.0379288,0.245928,38976
3810,0.0370161,0.390628,7482
3811,0.035921,0.667798,12906
3812,0.0358299,0.580979,495
3813,0.0369911,0.559958,58915
3814,0.036003,0.434736,19607
3815,0.0360919,0.212659,24782
3816,0.0371744,0.469934,57352
3817,0.0372951,0.678685,14357
3818,0.0350057,0.648997,16286
3819,0.0361002,0.35718,4877
3820,0.0375773,0.554574,49880
3821,0.0374261,0.406921,13666
3822,0.03609,0.535959,34324
3823,0.0373827,0.449484,43689
3824,0.0366016,0.553378,15201
3825,0.0383382,0.47705,45642
3826,0.0384616,0.69093,3525
3827,0.0361809,0.496036,9818
3828,0.0360934,0.508717,19936
3829,0.0362392,0.499756,3619
3830,0.0362907,0.364053,24698
3831,0.0362859,0.392102,7680
3832,0.0364996,0.519962,49674
3833,0.0375118,0.436944,16445
3834,0.0358725,0.498917,46480
3835,0.0369963,0.517366,4360
3836,0.036137,0.62759,44807
3837,0.0377691,0.510199,52559
3838,0.0371237,0.621745,37455
3839,0.0371907,0.446235,26956
3840,0.0361775,0.509551,48072
3841,0.0360662,0.459947,4114
3842,0.0388677,0.382786,11415
3843,0.0375377,0.24212,7411
3844,0.0374415,0.584047,2846
3845,0.0378052,0.296866,28871
3846,0.0363716,0.683277,33058
3847,0.036926,0.578399,48920
3848,0.0373252,0.522052,16710
3849,0.0368741,0.391021,22111
3850,0.0364368,0.53654,52920
3851,0.0362781,0.319448,17839
3852,0.0372567,0.362706,58033
3853,0.0359582,0.689219,41647
3854,0.0362636,0.343384,19949
3855,0.0364535,0.566631,55531
3856,0.0359376,0.526589,9614
3857,0.0366887,0.39437,41684
3858,0.0375767,0.221681,21247
3859,0.0362385,0.670003,826
3860,0.0362724,0.553157,12856
3861,0.0364989,0.442309,46008
3862,0.0367021,0.542254,17684
3863,0.0369718,0.495394,2544
3864,0.0373701,0.477453,14160
3865,0.0365442,0.388717,55930
3866,0.0354892,0.256581,17378
3867,0.0365006,0.512187,15662
3868,0.0372541,0.382661,39167
3869,0.0359942,0.429887,30551
3870,0.0371173,0.457995,1819
3871,0.0388848,0.575192,13592
3872,0.038054,0.328651,51095
3873,0.0550168,0.550471,47942
3874,0.0949439,0.421971,31532
3875,0.075275,0.553252,51350
3876,0.0379747,0.517551,17230
3877,0.038433,0.502594,58957
3878,0.0376715,0.39332,47677
3879,0.0371075,0.544937,20360
3880,0.0374455,0.44513,31630
3881,0.0372395,0.478223,53456
3882,0.03594,0.489134,37956
3883,0.0353283,0.40393,32621
3884,0.0376542,0.601695,14306
3885,0.0374296,0.437342,7098
3886,0.0365997,0.417446,50921
3887,0.0366817,0.503733,54198
3888,0.0359898,0.511066,36102
3889,0.0368277,0.383825,45719
3890,0.0364628,0.405933,36424
3891,0.0359498,0.399212,9041
3892,0.0371348,0.639236,2685
3893,0.0381326,0.858665,51596
3894,0.036592,0.32,38965
3895,0.0363743,0.481734,31490
3896,0.0367858,0.501903,47090
3897,0.0364519,0.524813,1836
3898,0.0380279,0.571364,14806
3899,0.0378603,0.476528,22132
3900,0.0397319,0.204422,11412
3901,0.0373987,0.588993,35204
3902,0.0368779,0.639044,42254
3903,0.0384222,0.335326,54351
3904,0.037051,0.413447,42842
3905,0.0368731,0.564278,27762
3906,0.0375053,0.60685,46058
3907,0.0365441,0.511661,1430
3908,0.0359217,0.316037,16255
3909,0.0370055,0.496429,41702
3910,0.0362775,0.416002,50940
3911,0.0359424,0.39776,35525
3912,0.037315,0.565172,38901
3913,0.0371251,0.504454,1478
3914,0.0364092,0.573989,41889
3915,0.0367652,0.441909,53449
3916,0.0365916,0.370867,17810
3917,0.0361338,0.506612,57330
3918,0.0363296,0.758433,48606
3919,0.0369511,0.195524,47118
3920,0.0364374,0.436545,51465
3921,0.036227,0.487595,35091
3922,0.0373854,0.306486,49592
3923,0.0372102,0.478729,1726
3924,0.0372132,0.389513,24178
3925,0.0372511,0.297449,44183
3926,0.03675,0.494998,33817
3927,0.0375308,0.406002,2321
3928,0.0387185,0.475357,32987
3929,0.0367985,0.577398,20598
3930,0.0368512,0.208196,12952
3931,0.0363868,0.363786,21004
3932,0.0353021,0.587047,47448
3933,0.0362936,0.487058,42708
3934,0.0358731,0.434883,20732
3935,0.0370483,0.525448,59445
3936,0.0364114,0.534528,6475
3937,0.036035,0.312153,12632
3938,0.0366328,0.428692,3458
3939,0.0358566,0.570042,12640
3940,0.0362741,0.449043,7062
3941,0.0377215,0.678352,59345
3942,0.0359394,0.509723,15142
3943,0.0363198,0.478145,19438
3944,0.0354453,0.455584,35703
3945,0.0386737,0.515504,3307
3946,0.0361341,0.626867,41540
3947,0.0371798,0.44201,6148
3948,0.0547688,0.605775,17910
3949,0.0366037,0.571683,1964
3950,0.0357853,0.388254,21032
3951,0.0366743,0.658204,27994
3952,0.0368366,0.449389,46824
3953,0.036021,0.550853,18463
3954,0.0369652,0.497501,56056
3955,0.0355751,0.496138,52266
3956,0.0368131,0.48878,23999
3957,0.0383577,0.471585,36756
3958,0.0387296,0.6032,56513
3959,0.0374847,0.329977,11974
3960,0.0378917,0.442185,22935
3961,0.0371627,0.337472,10463
3962,0.0359666,0.590925,57474
3963,0.037227,0.524699,11856
3964,0.0357935,0.411716,5594
3965,0.0359664,0.455234,57166
3966,0.0372681,0.41989,12342
3967,0.0355874,0.569605,26426
3968,0.0359663,0.655162,2414
3969,0.0368723,0.399234,21322
3970,0.0362392,0.327564,10883
3971,0.0366323,0.53996,28919
3972,0.0360034,0.436476,28870
3973,0.0376853,0.319996,48914
3974,0.0358396,0.258091,35252
3975,0.0369892,0.469993,16386
3976,0.0386375,0.540184,38700
3977,0.0358589,0.537173,18285
3978,0.0361723,0.419595,54496
3979,0.036591,0.437011,27704
3980,0.0359529,0.380248,51491
3981,0.0360538,0.414777,37268
3982,0.0348113,0.425141,4892
3983,0.036536,0.285501,52819
3984,0.0368303,0.361339,42086
3985,0.0359778,0.48296,26486
3986,0.0383907,0.512959,16124
3987,0.0359668,0.45363,10862
3988,0.035276,0.570125,13592
3989,0.0378925,0.42702,5905
3990,0.0360828,0.359377,56252
3991,0.0360508,0.471487,36372
3992,0.0370906,0.43277,17936
3993,0.0356672,0.286869,13512
3994,0.0363762,0.606736,40434
3995,0.0360218,0.515495,6098
3996,0.0364426,0.565903,52748
3997,0.0360037,0.611881,56850
3998,0.0371922,0.567547,18438
3999,0.03722,0.464832,45337
4000,0.0361656,0.510695,19953
4001,0.0363025,0.504799,57677
4002,0.0368622,0.537293,41943
4003,0.036374,0.382082,53153
4004,0.036289,0.499281,43330
4005,0.0370969,0.232809,40190
4006,0.0360216,0.239944,46984
4007,0.0364375,0.603637,31310
4008,0.0375343,0.383551,30956
4009,0.0371562,0.318803,22176
4010,0.0367518,0.220341,49680
4011,0.0368655,0.442469,48155
4012,0.0367961,0.489087,51820
4013,0.0363626,0.469835,49482
4014,0.0363241,0.2223,1238
4015,0.0362232,0.60752,51123
4016,0.0369509,0.38352,15413
4017,0.0375279,0.554926,10716
4018,0.039359,0.6958,19280
4019,0.03731,0.485523,34993
4020,0.0371848,0.495923,34455
4021,0.0387158,0.299957,14126
4022,0.0368586,0.403096,21410
4023,0.0359943,0.41279,58858
4024,0.0364792,0.38633,8657
4025,0.0368469,0.225138,1710
4026,0.0361637,0.456425,49404
4027,0.0369647,0.443957,57564
4028,0.0367372,0.331051,14138
4029,0.0369423,0.508408,55948
4030,0.0372921,0.461216,54599
4031,0.0398603,0.554972,54598
4032,0.0365444,0.216291,42819
4033,0.0369957,0.362883,32557
4034,0.0386242,0.425448,45303
4035,0.0357641,0.209951,48044
4036,0.0357672,0.20987,32534
4037,0.0369486,0.410042,7972
4038,0.036341,0.445124,23364
4039,0.0361139,0.232026,19510
4040,0.037912,0.416922,116
4041,0.0361334,0.477737,15282
4042,0.0366473,0.435944,7804
4043,0.0364163,0.499398,50617
4044,0.0371362,0.547201,35486
4045,0.0357081,0.482398,28170
4046,0.036016,0.426137,49382
4047,0.0377061,0.404493,12496
4048,0.0362335,0.579903,21137
4049,0.0363428,0.375669,46836
4050,0.0370744,0.23765,41542
4051,0.0359996,0.516089,51497
4052,0.0358343,0.59772,15444
4053,0.0371179,0.668314,25833
4054,0.0356591,0.444973,33562
4055,0.0367274,0.360248,38618
4056,0.036535,0.562658,6936
4057,0.0358073,0.229541,32096
4058,0.0360529,0.460831,35145
4059,0.0364998,0.623897,29534
4060,0.0374318,0.468844,37826
4061,0.0365022,0.302087,18648
4062,0.0363243,0.387806,46772
4063,0.0368262,0.478184,30630
4064,0.0356895,0.317948,32363
4065,0.0367813,0.785636,16286
4066,0.0399443,0.436274,1823
4067,0.0369433,0.494563,23514
4068,0.0372936,0.501876,26762
4069,0.0371316,0.174603,47777
4070,0.0369773,0.337226,19930
4071,0.0372678,0.525846,4125
4072,0.0376612,0.659683,32248
4073,0.0365209,0.34371,3228
4074,0.0368036,0.313767,14906
4075,0.0548504,0.625163,23439
4076,0.0368033,0.707515,35268
4077,0.0376163,0.247771,21476
4078,0.0375911,0.548443,12435
4079,0.036813,0.489501,15580
4080,0.0359479,0.423118,52228
4081,0.0360727,0.465637,24286
4082,0.0374606,0.464034,9485
4083,0.036047,0.382671,8991
4084,0.0362261,0.660631,15482
4085,0.0544633,0.202287,2708
4086,0.0552529,0.523917,54082
4087,0.0723689,0.581958,55732
4088,0.035739,0.374625,4568
4089,0.0376633,0.326853,33851
4090,0.036543,0.488088,32899
4091,0.0368871,0.493875,19459
4092,0.0371803,0.412033,29665
4093,0.0369592,0.51142,33860
4094,0.0366565,0.643395,9328
4095,0.0364578,0.404087,6438
4096,0.0367037,0.673929,5215
4097,0.0362562,0.410271,21815
4098,0.0357568,0.464373,20375
4099,0.0369662,0.411938,17776
4100,0.0354706,0.500484,22457
4101,0.036294,0.302633,8492
4102,0.0375676,0.638311,14145
4103,0.0365817,0.498796,16497
4104,0.0357778,0.177492,20593
4105,0.0368757,0.242235,58481
4106,0.0364885,0.510286,48788
4107,0.0367969,0.539842,2297
4108,0.0372231,0.572154,3401
4109,0.0373791,0.550815,41085
4110,0.0363221,0.295078,26390
4111,0.0359536,0.611489,34504
4112,0.0366734,0.538153,10895
4113,0.0358821,0.465477,11286
4114,0.0359203,0.554982,32606
4115,0.0364836,0.446964,11066
4116,0.0354453,0.620393,20408
4117,0.0361531,0.632178,55081
4118,0.0384164,0.694505,21836
4119,0.0364914,0.428178,13570
4120,0.035847,0.554772,56754
4121,0.0378866,0.618889,10066
4122,0.0365952,0.387259,48843
4123,0.0365921,0.623027,11726
4124,0.0379632,0.599033,44236
4125,0.0358773,0.438851,2967
4126,0.035733,0.551877,26122
4127,0.0360117,0.471134,9772
4128,0.0368342,0.628021,42186
4129,0.0367165,0.44843,8404
4130,0.0365179,0.37079,21843
4131,0.0371837,0.584858,964
4132,0.0368784,0.440408,40533
4133,0.0365441,0.542302,35106
4134,0.0554501,0.444483,43896
4135,0.0380016,0.588817,26312
4136,0.039201,0.520585,3482
4137,0.037297,0.625083,13578
4138,0.0371273,0.204294,6232
4139,0.0354452,0.448713,14147
4140,0.0377255,0.748737,48668
4141,0.0359047,0.52342,2150
4142,0.0357657,0.392784,35417
4143,0.0368787,0.33785,49358
4144,0.0364548,0.180787,50600
4145,0.0359906,0.497517,17192
4146,0.0368412,0.43625,55752
4147,0.0363195,0.335815,6683
4148,0.0363418,0.529111,4296
4149,0.0366681,0.561589,50475
4150,0.0371833,0.352533,52639
4151,0.0360996,0.550176,51452
4152,0.0373529,0.61089,32132
4153,0.0374034,0.186802,36426
4154,0.0349912,0.518926,3760
4155,0.0366951,0.390962,30275
4156,0.0382744,0.457785,31454
4157,0.0365953,0.305867,19583
4158,0.0377286,0.470747,21969
4159,0.0368919,0.544254,13386
4160,0.0361527,0.407838,59775
4161,0.0372045,0.539299,10962
4162,0.0376304,0.431832,42476
4163,0.0367209,0.700005,57962
4164,0.0360167,0.33997,20099
4165,0.036015,0.524813,45082
4166,0.0362451,0.395278,29736
4167,0.0364429,0.540785,35670
4168,0.0367378,0.260125,56779
4169,0.0373599,0.211748,6682
4170,0.0364422,0.309859,30684
4171,0.0363468,0.235764,33902
4172,0.0381496,0.408998,27036
4173,0.0372582,0.623232,28787
4174,0.0362699,0.303434,14816
4175,0.0361345,0.362029,26303
4176,0.0377103,0.672328,14866
4177,0.0363423,0.564619,14233
4178,0.0354233,0.431517,38164
4179,0.0372057,0.201297,6104
4180,0.0361379,0.526048,11844
4181,0.0365362,0.239578,14874
4182,0.0545393,0.414623,54517
4183,0.0364053,0.457961,40772
4184,0.0370515,0.406097,23446
4185,0.0359202,0.388014,41669
4186,0.0356066,0.397349,22636
4187,0.0356682,0.668967,39518
4188,0.0372484,0.342028,10505
4189,0.0369754,0.444464,53373
4190,0.0371142,0.202434,32138
4191,0.0369483,0.220188,3926
4192,0.0367033,0.45141,20056
4193,0.0361832,0.551018,54583
4194,0.037528,0.443003,52510
4195,0.037419,0.254014,18980
4196,0.0360179,0.51019,16513
4197,0.0367773,0.518521,48972
4198,0.0374435,0.399203,34019
4199,0.0362772,0.599289,27970
4200,0.0362884,0.4674,22950
4201,0.0365563,0.6182,17262
4202,0.0355277,0.493829,17886
4203,0.0365896,0.525481,25908
4204,0.0368904,0.376933,28537
4205,0.0365697,0.628891,56590
4206,0.0362048,0.484933,21324
4207,0.036587,0.561851,41035
4208,0.0354626,0.49308,35782
4209,0.0359989,0.387108,41346
4210,0.036127,0.502365,35666
4211,0.0371315,0.518318,30882
4212,0.0377681,0.5337,15937
4213,0.0369107,0.362766,48159
4214,0.0378521,0.497972,16505
4215,0.0361835,0.46496,42064
4216,0.0358719,0.409562,11312
4217,0.0377985,0.421766,59413
4218,0.0368802,0.502183,12099
4219,0.0368636,0.476884,25002
4220,0.0367969,0.429454,53332
4221,0.0362347,0.494914,23429
4222,0.0355664,0.383163,1971
4223,0.0373249,0.515853,16856
4224,0.0365624,0.505241,34229
4225,0.0360571,0.430208,57150
4226,0.0364448,0.482373,54225
4227,0.0361081,0.400628,7664
4228,0.0361746,0.537399,3868
4229,0.0364384,0.49888,48240
4230,0.0373934,0.718977,35018
4231,0.0362339,0.561035,37617
4232,0.0361992,0.255415,5850
4233,0.0376066,0.436807,20769
4234,0.0363821,0.509154,22238
4235,0.0361281,0.597683,31364
4236,0.0540581,0.562244,50959
4237,0.036437,0.427256,7538
4238,0.0363308,0.651035,21080
4239,0.037164,0.484242,25614
4240,0.0366942,0.424457,25446
4241,0.0567281,0.313392,53924
4242,0.0373673,0.449541,2705
4243,0.0362722,0.430514,43726
4244,0.0367518,0.54449,53447
4245,0.0373859,0.383644,58243
4246,0.0368291,0.44142,30415
4247,0.0367236,0.454636,22026
4248,0.0375771,0.757349,9542
4249,0.036683,0.209027,12154
4250,0.0376131,0.556804,54924
4251,0.0541229,0.470573,33668
4252,0.0375295,0.380496,33927
4253,0.0373474,0.53335,3338
4254,0.0551441,0.560995,2395
4255,0.0355644,0.432701,4665
4256,0.0365665,0.648069,56621
4257,0.0366723,0.436771,44553
4258,0.0361573,0.415204,40062
4259,0.0369148,0.457881,42048
4260,0.036676,0.474359,4446
4261,0.0373122,0.541654,51744
4262,0.036869,0.269955,19136
4263,0.0372097,0.523749,33876
4264,0.0363715,0.199535,44705
4265,0.0357524,0.57419,36668
4266,0.0367748,0.432002,18203
4267,0.036534,0.195974,42288
4268,0.0359635,0.741559,46232
4269,0.0371151,0.669524,16874
4270,0.0535826,0.551679,11467
4271,0.0357143,0.647068,6840
4272,0.0370637,0.488277,48255
4273,0.0361462,0.223199,12642
4274,0.0363527,0.50245,28336
4275,0.0361841,0.477777,59816
4276,0.0362753,0.5487,54291
4277,0.0362263,0.557351,23483
4278,0.0358291,0.361862,19930
4279,0.0386884,0.559478,53239
4280,0.0360673,0.368891,18193
4281,0.0355848,0.387964,18319
4282,0.0367472,0.434479,26339
4283,0.0360606,0.488565,31088
4284,0.0361652,0.582426,19687
4285,0.054676,0.368942,32325
4286,0.0356232,0.504441,16749
4287,0.0355791,0.497015,58076
4288,0.0367526,0.475855,1809
4289,0.0363158,0.713475,15811
4290,0.0362351,0.515047,56026
4291,0.0365955,0.586627,28996
4292,0.0364994,0.250046,6062
4293,0.0368706,0.400352,5572
4294,0.0358393,0.647464,59468
4295,0.0360647,0.351278,39314
4296,0.0363592,0.51238,26075
4297,0.0366358,0.464702,38178
4298,0.0555611,0.502971,40522
4299,0.0364766,0.438501,17921
4300,0.0371145,0.562506,11592
4301,0.036527,0.545838,44973
4302,0.0362801,0.495094,24353
4303,0.0371673,0.240904,10169
4304,0.0372669,0.240214,41954
4305,0.0368859,0.435069,36727
4306,0.0366819,0.622779,37041
4307,0.0367569,0.581194,20793
4308,0.0360773,0.418207,4152
4309,0.0358977,0.42377,24185
4310,0.0374807,0.541354,1867
4311,0.0373398,0.517713,9080
4312,0.0372614,0.550254,3219
4313,0.0355501,0.619446,13714
4314,0.0364053,0.400883,22400
4315,0.0365581,0.584699,16174
4316,0.036632,0.413218,30138
4317,0.0368294,0.623437,47643
4318,0.0364421,0.282785,18452
4319,0.0378793,0.320313,25258
4320,0.0361622,0.367945,49351
4321,0.0359236,0.517151,16149
4322,0.036554,0.293202,26356
4323,0.0403902,0.659526,52776
4324,0.0386714,0.411251,55416
4325,0.0363486,0.364407,28808
4326,0.0378392,0.574099,40967
4327,0.0365797,0.454268,8812
4328,0.0381926,0.215994,46499
4329,0.055069,0.55198,51627
4330,0.0372848,0.563533,45586
4331,0.0358932,0.253666,31578
4332,0.0548319,0.390628,34449
4333,0.0368467,0.4978,48255
4334,0.0365522,0.420462,39686
4335,0.0365566,0.609247,29785
4336,0.0359286,0.415447,44132
4337,0.0374943,0.277397,49504
4338,0.0374501,0.464095,15742
4339,0.0361725,0.484221,21722
4340,0.0361162,0.615119,14485
4341,0.0379278,0.645405,24674
4342,0.0356809,0.523286,21623
4343,0.0358871,0.521274,20936
4344,0.0378367,0.642957,1518
4345,0.0372242,0.392442,53259
4346,0.0376187,0.364804,53646
4347,0.0362758,0.296457,50741
4348,0.0365933,0.389689,41137
4349,0.0365443,0.320038,25421
4350,0.0363485,0.584706,33435
4351,0.037264,0.446911,38461
4352,0.0360937,0.411289,57765
4353,0.0363686,0.383549,44558
4354,0.0375506,0.462809,58601
4355,0.0363392,0.653599,39274
4356,0.0361172,0.543816,18378
4357,0.0374872,0.468853,6280
4358,0.0361233,0.429453,42129
4359,0.0364757,0.699421,51234
4360,0.0369886,0.460625,50887
4361,0.0366222,0.357891,57202
4362,0.0366446,0.411762,38386
4363,0.0365676,0.510389,20546
4364,0.0366864,0.45081,26676
4365,0.0366287,0.373632,3429
4366,0.0366325,0.44493,9829
4367,0.0382147,0.508358,56917
4368,0.0366138,0.658623,21016
4369,0.0374953,0.561196,47353
4370,0.0556509,0.470631,58553
4371,0.0368388,0.401346,42003
4372,0.0370872,0.407206,54884
4373,0.0373411,0.568847,48972
4374,0.0362297,0.61974,10412
4375,0.0356749,0.505936,54920
4376,0.0388744,0.566668,19046
4377,0.0361567,0.495814,1008
4378,0.0357241,0.47298,17312
4379,0.0376139,0.433459,41804
4380,0.0362815,0.551148,36270
4381,0.0360447,0.46992,47366
4382,0.0372396,0.444016,13548
4383,0.0367404,0.505218,41792
4384,0.0364097,0.654727,50153
4385,0.0378769,0.374488,12858
4386,0.0368547,0.266757,45140
4387,0.0368384,0.575364,50218
4388,0.0379119,0.494,2259
4389,0.0369243,0.463155,51424
4390,0.0360146,0.448381,49259
4391,0.0353363,0.57018,49849
4392,0.037757,0.41565,58882
4393,0.0375816,0.529611,51106
4394,0.0359225,0.463829,16653
4395,0.036846,0.496691,32977
4396,0.0358999,0.460138,3477
4397,0.0368165,0.549946,45289
4398,0.0533176,0.502643,13605
4399,0.0392587,0.375322,28182
4400,0.0374966,0.747765,14053
4401,0.0375135,0.555405,55172
4402,0.035872,0.48623,35758
4403,0.0359635,0.575833,14705
4404,0.0366815,0.38779,19738
4405,0.0363226,0.489588,11150
4406,0.0359669,0.440388,25311
4407,0.0369417,0.414258,17363
4408,0.0373722,0.48,16778
4409,0.0357921,0.221616,17438
4410,0.0371395,0.438648,42231
4411,0.0359978,0.523474,23833
4412,0.035895,0.352528,21860
4413,0.0370527,0.420738,26934
4414,0.0373468,0.431034,38668
4415,0.0362104,0.484565,59824
4416,0.0355309,0.460891,8224
4417,0.0369339,0.386833,29502
4418,0.0366186,0.511573,45378
4419,0.0366286,0.614321,38799
4420,0.0368633,0.536236,25411
4421,0.0363783,0.471578,41846
4422,0.0357289,0.511058,9800
4423,0.0378793,0.530947,45496
4424,0.0381189,0.369746,20410
4425,0.0365807,0.418124,57052
4426,0.0364843,0.431335,55224
4427,0.0362229,0.432751,48696
4428,0.0367063,0.23581,16610
4429,0.0377635,0.501391,50765
4430,0.0387863,0.446202,26306
4431,0.0362268,0.439702,39302
4432,0.0361197,0.454984,15471
4433,0.0369595,0.579677,9588
4434,0.036354,0.46408,51440
4435,0.0362603,0.575871,35794
4436,0.0367967,0.316984,27231
4437,0.0360987,0.601612,16510
4438,0.0360988,0.571819,32425
4439,0.0367624,0.608617,5920
4440,0.0367604,0.507359,6680
4441,0.0363606,0.515498,38754
4442,0.036432,0.507261,122
4443,0.0372037,0.660231,35922
4444,0.0360707,0.49812,27519
4445,0.0361038,0.534341,49873
4446,0.0375316,0.444084,9486
4447,0.0369739,0.397437,56857
4448,0.0365047,0.454422,27603
4449,0.0367233,0.660348,1538
4450,0.0357128,0.217419,35761
4451,0.0361804,0.608787,37486
4452,0.0371847,0.648262,40652
4453,0.0363759,0.335943,29859
4454,0.0363644,0.568029,42315
4455,0.035305,0.532226,39971
4456,0.0371216,0.390535,32998
4457,0.0362362,0.430195,5884
4458,0.0357079,0.583475,14175
4459,0.0379939,0.340451,51062
4460,0.0359186,0.396371,24172
4461,0.0358112,0.643167,59800
4462,0.0372293,0.354012,7894
4463,0.0359656,0.612641,24595
4464,0.036755,0.4888,22121
4465,0.037168,0.549658,24471
4466,0.0364658,0.466305,32999
4467,0.0364397,0.379976,36615
4468,0.0365385,0.392463,6009
4469,0.036994,0.499205,37718
4470,0.0354805,0.346866,47639
4471,0.0359844,0.425704,29184
4472,0.0367269,0.546525,34340
4473,0.0360711,0.390101,25814
4474,0.0363584,0.454444,45657
4475,0.0373101,0.507845,38286
4476,0.0365603,0.394689,38140
4477,0.0377682,0.554781,33789
4478,0.0376397,0.41123,26996
4479,0.0369362,0.452693,59362
4480,0.0360403,0.582442,36679
4481,0.0356668,0.641835,35186
4482,0.0368028,0.542455,53494
4483,0.0361953,0.536189,1928
4484,0.0360296,0.449903,50125
4485,0.0365023,0.373996,11407
4486,0.0351811,0.593207,7034
4487,0.036729,0.450633,22454
4488,0.0368813,0.482328,16963
4489,0.0377009,0.424957,52638
4490,0.0370378,0.428424,53519
4491,0.0377014,0.410686,33086
4492,0.0373616,0.523067,18390
4493,0.0360324,0.308212,36156
4494,0.0373942,0.421469,23344
4495,0.035654,0.354764,58015
4496,0.0361199,0.458511,47550
4497,0.0364967,0.607648,49184
4498,0.0361749,0.558173,27632
4499,0.0361351,0.531982,17626
4500,0.0359704,0.555417,47998
4501,0.0363642,0.432569,55947
4502,0.0362669,0.303933,7822
4503,0.0361525,0.406263,20910
4504,0.037164,0.650852,12311
4505,0.0367506,0.466425,40386
4506,0.0360686,0.427415,40812
4507,0.0362319,0.535497,4225
4508,0.0365127,0.578408,7376
4509,0.0363963,0.542904,38990
4510,0.0364466,0.477854,6425
4511,0.0367136,0.609652,30782
4512,0.0365956,0.419938,46120
4513,0.0356734,0.507208,18378
4514,0.0378642,0.421391,59268
4515,0.0377799,0.399528,42362
4516,0.0376881,0.277505,46012
4517,0.0374639,0.458012,23268
4518,0.0359468,0.503147,1296
4519,0.0364574,0.477622,43812
4520,0.0371823,0.447932,22575
4521,0.035735,0.598959,42693
4522,0.0363003,0.360132,57867
4523,0.036415,0.519687,43194
4524,0.0360777,0.205008,39846
4525,0.0358984,0.154221,40438
4526,0.0369624,0.510714,55292
4527,0.0362556,0.384072,54414
4528,0.0362308,0.438674,32940
4529,0.0358413,0.545918,19607
4530,0.0379261,0.531347,38556
4531,0.0362188,0.479191,16178
4532,0.0378383,0.422781,1611
4533,0.071755,0.243308,29974
4534,0.0364446,0.451316,28761
4535,0.0377944,0.484505,15482
4536,0.0371246,0.481641,8720
4537,0.0364707,0.529798,1130
4538,0.0373604,0.270322,27309
4539,0.0361046,0.350449,25465
4540,0.0358879,0.510383,18951
4541,0.0367691,0.498444,24789
4542,0.0359094,0.329501,9742
4543,0.0360104,0.551949,57164
4544,0.0361329,0.482014,14865
4545,0.0364857,0.544872,18623
4546,0.0368105,0.585056,57142
4547,0.0368769,0.61023,7867
4548,0.0560369,0.697423,43206
4549,0.038056,0.443203,23222
4550,0.0366001,0.355102,27110
4551,0.0365428,0.689268,1014
4552,0.036296,0.496174,21156
4553,0.0360707,0.416299,46831
4554,0.0361847,0.508217,9458
4555,0.0361369,0.452575,5614
4556,0.0360025,0.499801,30360
4557,0.0372294,0.369293,31752
4558,0.0365202,0.337314,10303
4559,0.036688,0.47645,2105
4560,0.0370443,0.403811,24704
4561,0.0368624,0.495556,5025
4562,0.0376877,0.522641,17046
4563,0.0368434,0.381913,26401
4564,0.0382531,0.269097,42819
4565,0.0367169,0.458362,4268
4566,0.0355857,0.566322,56932
4567,0.0372789,0.432748,11126
4568,0.0366409,0.53247,7348
4569,0.0356906,0.521907,8056
4570,0.0366508,0.422854,45461
4571,0.0363381,0.415191,16822
4572,0.0361402,0.460121,45351
4573,0.037894,0.607695,40198
4574,0.0365622,0.263286,51882
4575,0.0367623,0.652492,40846
4576,0.0371118,0.480036,1508
4577,0.0366303,0.585459,32511
4578,0.0362317,0.501941,19616
4579,0.0361876,0.435072,36838
4580,0.0364796,0.239623,1680
4581,0.0364985,0.431402,30774
4582,0.0363907,0.516371,42474
4583,0.0382356,0.572739,7927
4584,0.0355492,0.51156,5093
4585,0.0369915,0.482052,30500
4586,0.037136,0.503405,6543
4587,0.0376969,0.337748,20647
4588,0.037641,0.26363,55574
4589,0.0379915,0.372619,15345
4590,0.0359453,0.385039,34449
4591,0.0365056,0.311422,55533
4592,0.0371286,0.43153,51730
4593,0.0541346,0.50223,22082
4594,0.0372411,0.606951,56298
4595,0.0379797,0.249327,14794
4596,0.0359345,0.395512,32052
4597,0.0362149,0.270048,2791
4598,0.0362204,0.458227,57840
4599,0.0374701,0.421614,20136
4600,0.0373843,0.46339,50141
4601,0.0376643,0.619374,7570
4602,0.0373457,0.221212,26459
4603,0.037016,0.231196,23511
4604,0.036229,0.365745,27082
4605,0.0365977,0.451702,19579
4606,0.0363607,0.249075,43053
4607,0.0372957,0.401757,36821
4608,0.0547936,0.50251,11161
4609,0.03619,0.43026,38373
4610,0.0361837,0.325968,19437
4611,0.0373623,0.377938,47466
4612,0.0369405,0.293205,21222
4613,0.0362623,0.414775,27977
4614,0.0371926,0.363171,18538
4615,0.0372352,0.469121,19463
4616,0.0358135,0.538524,1038
4617,0.0364373,0.311169,2952
4618,0.0362373,0.556192,49633
4619,0.0364534,0.439988,1136
4620,0.0369045,0.56153,13133
4621,0.0368734,0.428899,10074
4622,0.036556,0.61001,30295
4623,0.0368715,0.412348,30259
4624,0.0366566,0.421836,20576
4625,0.0361105,0.479206,15958
4626,0.0363456,0.493765,2210
4627,0.0367768,0.376801,8001
4628,0.035976,0.432498,39960
4629,0.037032,0.581627,1279
4630,0.0369681,0.684059,40926
4631,0.0361264,0.283096,30373
4632,0.0360062,0.541456,38326
4633,0.0364752,0.534107,21774
4634,0.0367145,0.527527,11808
4635,0.0358291,0.590579,37197
4636,0.0367113,0.486323,13295
4637,0.0378163,0.555579,26590
4638,0.0365087,0.493106,16329
4639,0.0371755,0.440565,19928
4640,0.03683,0.401921,23008
4641,0.0355022,0.543653,42744
4642,0.0357263,0.492332,50586
4643,0.03741,0.255574,7622
4644,0.0365246,0.421528,54389
4645,0.0366543,0.604944,26727
4646,0.037517,0.284334,19282
4647,0.0368992,0.537307,18626
4648,0.0361049,0.391427,16341
4649,0.0366567,0.378741,20076
4650,0.0367356,0.346769,15492
4651,0.0365612,0.189548,6104
4652,0.0366986,0.598437,20180
4653,0.0368339,0.217844,55335
4654,0.0361341,0.583518,7418
4655,0.0360966,0.315959,20802
4656,0.0391574,0.565086,37743
4657,0.0368,0.66017,26942
4658,0.0368242,0.605953,38908
4659,0.0377965,0.460476,56884
4660,0.0362322,0.433269,11080
4661,0.0360698,0.475315,1546
4662,0.0370492,0.396834,7602
4663,0.036864,0.340245,550
4664,0.0357454,0.540667,11535
4665,0.0382012,0.574419,59381
4666,0.0385602,0.508805,25238
4667,0.0384575,0.450659,41504
4668,0.0384576,0.64615,26624
4669,0.0366074,0.459889,25841
4670,0.0364904,0.186038,9106
4671,0.0369858,0.457734,30383
4672,0.0380711,0.357341,43981
4673,0.0361257,0.455003,52989
4674,0.0361685,0.366968,56456
4675,0.0364499,0.396875,21612
4676,0.0362957,0.24224,24126
4677,0.036413,0.339777,6046
4678,0.0372122,0.506294,37573
4679,0.0356183,0.578475,8005
4680,0.036444,0.437092,14178
4681,0.0376814,0.459906,22127
4682,0.0363427,0.45401,2722
4683,0.0365903,0.49568,35368
4684,0.0366643,0.536765,35779
4685,0.0369416,0.239098,57903
4686,0.0361031,0.46418,1414
4687,0.0364713,0.29105,20274
4688,0.037939,0.474759,38970
4689,0.0370068,0.441198,15984
4690,0.0363228,0.631491,31400
4691,0.0380192,0.219855,58985
4692,0.0363868,0.640251,58385
4693,0.0360599,0.514629,45806
4694,0.0368844,0.280073,47018
4695,0.0365446,0.328028,37530
4696,0.0361311,0.559181,34952
4697,0.0374301,0.337936,19809
4698,0.0368919,0.278602,22649
4699,0.0361697,0.60788,25945
4700,0.0360356,0.387267,23365
4701,0.0363971,0.351247,36474
4702,0.0371694,0.54559,49626
4703,0.036405,0.52243,8498
4704,0.0380805,0.440705,3910
4705,0.0363425,0.426037,24425
4706,0.0363489,0.447717,34019
4707,0.036768,0.357221,51244
4708,0.036397,0.210656,40879
4709,0.0367427,0.426922,32678
4710,0.037324,0.438789,40592
4711,0.0369801,0.565841,8945
4712,0.036728,0.634229,18379
4713,0.0364548,0.592165,14517
4714,0.0359514,0.404822,27690
4715,0.0361735,0.421878,34191
4716,0.0370136,0.498723,55399
4717,0.037021,0.257444,43989
4718,0.0359167,0.369976,21546
4719,0.0358313,0.310947,3488
4720,0.0368238,0.437333,19008
4721,0.0357238,0.51344,47518
4722,0.0355165,0.671164,17159
4723,0.0539781,0.690541,49834
4724,0.0361504,0.445608,28226
4725,0.0370775,0.423085,13844
4726,0.055726,0.336899,2628
4727,0.0381642,0.492107,44
4728,0.0368944,0.630962,18719
4729,0.036204,0.288476,3802
4730,0.036461,0.463898,42461
4731,0.0370089,0.473729,10315
4732,0.0370019,0.234572,35600
4733,0.0360699,0.322563,12230
4734,0.0360486,0.518114,18891
4735,0.0553117,0.460396,56760
4736,0.0370547,0.527375,1154
4737,0.0375352,0.60744,54172
4738,0.0372912,0.511393,13548
4739,0.0376209,0.546573,5393
4740,0.0369134,0.59703,24056
4741,0.036446,0.445976,40859
4742,0.03575,0.639476,56932
4743,0.0358748,0.540581,50410
4744,0.0374235,0.386101,5050
4745,0.0360104,0.446841,39083
4746,0.0360917,0.456971,37922
4747,0.037252,0.416136,37878
4748,0.0360631,0.490466,3690
4749,0.0358574,0.580137,26978
4750,0.0717798,0.471821,35308
4751,0.0548754,0.555224,32787
4752,0.0375388,0.309658,24956
4753,0.0370984,0.462889,23966
4754,0.0363122,0.19832,25473
4755,0.0366611,0.58586,18285
4756,0.05314,0.56007,59505
4757,0.0363054,0.309969,22954
4758,0.0377921,0.473195,23144
4759,0.0362461,0.555805,25537
4760,0.036736,0.379687,1958
4761,0.0366065,0.6749,36152
4762,0.0369833,0.370556,1847
4763,0.0372291,0.665954,10375
4764,0.0374844,0.288482,12847
4765,0.0379047,0.57164,30950
4766,0.0373365,0.517922,16655
4767,0.0359955,0.367828,20386
4768,0.0374412,0.474867,2773
4769,0.0361529,0.460602,6734
4770,0.035886,0.424838,8907
4771,0.0371333,0.637802,25973
4772,0.0375466,0.476098,53546
4773,0.0360539,0.366853,32174
4774,0.0365256,0.238145,18360
4775,0.0363459,0.496699,14040
4776,0.0361548,0.365335,28740
4777,0.0364831,0.457131,41758
4778,0.0374309,0.252847,56471
4779,0.0364419,0.41416,1366
4780,0.0358574,0.380984,28692
4781,0.0371179,0.387866,53003
4782,0.0365519,0.479339,36855
4783,0.0371812,0.465339,27953
4784,0.0566818,0.330599,54663
4785,0.0367228,0.508846,13477
4786,0.0366081,0.403453,57545
4787,0.0384526,0.298598,9700
4788,0.036917,0.512849,6663
4789,0.0366081,0.507985,54336
4790,0.0386508,0.428003,29768
4791,0.0366166,0.416888,23459
4792,0.0367292,0.46773,48162
4793,0.0371963,0.493637,49071
4794,0.0359569,0.497985,16299
4795,0.0361325,0.452179,20307
4796,0.0373005,0.497146,2834
4797,0.0369192,0.493098,22966
4798,0.0362031,0.422374,39679
4799,0.0364695,0.531355,24246
4800,0.0359791,0.357436,50147
4801,0.0361122,0.534087,37504
4802,0.0363875,0.537178,7162
4803,0.0381204,0.384329,55337
4804,0.0360641,0.334868,36749
4805,0.0364746,0.497638,2472
4806,0.0376387,0.20695,56605
4807,0.0361912,0.566059,17245
4808,0.0365253,0.572322,3740
4809,0.0364471,0.496307,12638
4810,0.0355919,0.617259,38023
4811,0.0362969,0.392062,58901
4812,0.0374801,0.372015,38094
4813,0.036427,0.51471,35665
4814,0.035808,0.717029,49066
4815,0.037593,0.43187,55885
4816,0.0366043,0.676285,16027
4817,0.036503,0.444103,57108
4818,0.0366593,0.435314,25413
4819,0.0364557,0.421473,22658
4820,0.0365803,0.493116,4384
4821,0.0371615,0.463409,54529
4822,0.0367655,0.595621,5055
4823,0.0367334,0.641418,47996
4824,0.0359963,0.366538,43258
4825,0.0375719,0.57256,24664
4826,0.0371898,0.692746,9667
4827,0.0362415,0.376502,53902
4828,0.036598,0.630833,46862
4829,0.0367998,0.46164,15158
4830,0.0361504,0.646013,52561
4831,0.0366454,0.433941,14256
4832,0.0556195,0.443895,13846
4833,0.0374503,0.542269,6826
4834,0.0385122,0.479443,2352
4835,0.0539574,0.320999,52467
4836,0.0366858,0.497468,25164
4837,0.0541837,0.456123,35710
4838,0.0372414,0.542632,18608
4839,0.0366359,0.36771,29306
4840,0.0374036,0.396574,13278
4841,0.037294,0.541651,7030
4842,0.038075,0.512914,28312
4843,0.0719797,0.357623,8416
4844,0.0359631,0.536505,58930
4845,0.0374259,0.458545,47886
4846,0.0367449,0.444495,20698
4847,0.0365574,0.259746,49154
4848,0.0371799,0.480929,33414
4849,0.0374539,0.476357,27008
4850,0.0386852,0.392111,43329
4851,0.0561232,0.46528,18331
4852,0.0379413,0.61271,47176
4853,0.0377535,0.249307,19517
4854,0.0366057,0.4382,28485
4855,0.0372374,0.516188,44920
4856,0.0393463,0.498135,23159
4857,0.0382834,0.507663,24212
4858,0.0378139,0.1489,58238
4859,0.0387189,0.262423,8106
4860,0.0374417,0.423127,6058
4861,0.0357425,0.437238,168
4862,0.0359945,0.50817,27936
4863,0.0370888,0.479192,50886
4864,0.036815,0.329512,35252
4865,0.0364979,0.416008,23283
4866,0.0364196,0.415779,14259
4867,0.0367263,0.463605,48094
4868,0.0364666,0.411069,45081
4869,0.0362986,0.244979,56831
4870,0.0365074,0.53526,9231
4871,0.0358942,0.223415,41908
4872,0.0358989,0.275136,30512
4873,0.0368808,0.598321,54898
4874,0.036338,0.696212,24998
4875,0.036665,0.37022,8497
4876,0.0370578,0.595883,56427
4877,0.0369006,0.346751,25983
4878,0.0367258,0.772835,36884
4879,0.0362795,0.559734,44690
4880,0.036776,0.589675,47156
4881,0.0359731,0.275172,33393
4882,0.0364294,0.518358,41726
4883,0.0382322,0.459542,49550
4884,0.0358565,0.325888,10198
4885,0.0371365,0.496746,43677
4886,0.0372246,0.431255,6411
4887,0.0356914,0.428235,23988
4888,0.0357291,0.632793,22033
4889,0.0363395,0.486759,14515
4890,0.0548018,0.594888,53079
4891,0.0361559,0.464411,11860
4892,0.0370218,0.402641,56202
4893,0.0373406,0.581412,53576
4894,0.0370148,0.458407,33754
4895,0.0388914,0.453377,56771
4896,0.0379977,0.510875,36596
4897,0.0371728,0.383963,11347
4898,0.0370879,0.292329,31516
4899,0.0367932,0.552365,21557
4900,0.0374899,0.492382,44271
4901,0.0372271,0.411031,1733
4902,0.0372881,0.51201,53268
4903,0.03687,0.264334,41392
4904,0.037573,0.463322,59408
4905,0.0367678,0.433202,5400
4906,0.0359547,0.4671,5111
4907,0.0360282,0.616362,24886
4908,0.0369317,0.423957,16890
4909,0.0365834,0.379563,4942
4910,0.0362008,0.458918,55691
4911,0.0376606,0.470332,42838
4912,0.0363167,0.436831,29485
4913,0.0361098,0.408254,48914
4914,0.0535473,0.555188,16822
4915,0.037317,0.551709,49536
4916,0.0364319,0.457202,25845
4917,0.037216,0.253549,29615
4918,0.0357899,0.504461,8654
4919,0.0367488,0.39357,48205
4920,0.037612,0.509067,50987
4921,0.0366728,0.4346,55448
4922,0.0362409,0.500265,28023
4923,0.0383746,0.618937,8917
4924,0.038004,0.500618,36094
4925,0.0363276,0.434864,53332
4926,0.0376233,0.500354,8947
4927,0.0367375,0.262649,17942
4928,0.0359701,0.496022,11513
4929,0.0361659,0.722452,48876
4930,0.0372832,0.254971,46842
4931,0.035837,0.259584,48831
4932,0.0363915,0.19074,43053
4933,0.037531,0.500815,2946
4934,0.0369065,0.424888,3947
4935,0.0363274,0.337173,3160
4936,0.037916,0.368152,45040
4937,0.037743,0.540928,27209
4938,0.0361413,0.36084,20498
4939,0.0372144,0.580433,11344
4940,0.0366408,0.492967,45563
4941,0.0361983,0.477443,32678
4942,0.0364544,0.578714,2368
4943,0.0375022,0.776145,4762
4944,0.0364432,0.438562,59476
4945,0.0361859,0.375682,550
4946,0.038079,0.455883,59879
4947,0.0366167,0.403354,12294
4948,0.0360975,0.528054,5296
4949,0.0375467,0.314193,41282
4950,0.0371402,0.661681,49248
4951,0.0364514,0.420224,29999
4952,0.0372323,0.465552,7718
4953,0.0365793,0.177985,16694
4954,0.0359113,0.496126,57908
4955,0.037175,0.476545,33284
4956,0.0368983,0.54055,6470
4957,0.0366068,0.3719,15492
4958,0.0377015,0.368409,34358
4959,0.0393144,0.362017,8028
4960,0.0383525,0.50367,20364
4961,0.0551699,0.459041,58378
4962,0.0719995,0.451786,24430
4963,0.0366875,0.45357,5595
4964,0.0367436,0.46804,36064
4965,0.0356717,0.432784,18231
4966,0.0363291,0.770499,2008
4967,0.0372869,0.487802,1360
4968,0.0361858,0.481799,25640
4969,0.0373453,0.57239,20071
4970,0.0373153,0.391586,16594
4971,0.0377993,0.484982,28141
4972,0.0378689,0.274469,35925
4973,0.0398372,0.41125,53305
4974,0.0381358,0.592883,55964
4975,0.0381734,0.388622,1177
4976,0.0392132,0.535948,45778
4977,0.0375205,0.238756,49380
4978,0.0381521,0.463763,29303
4979,0.0725286,0.457185,10226
4980,0.0363829,0.423851,45609
4981,0.0383593,0.430498,830
4982,0.0382779,0.43771,9732
4983,0.0375074,0.439864,6592
4984,0.0396612,0.363468,30305
4985,0.0548737,0.559134,48643
4986,0.0369332,0.552631,58933
4987,0.0381483,0.665103,37248
4988,0.0373519,0.388439,18355
4989,0.0367115,0.347248,21997
4990,0.0384348,0.673385,15502
4991,0.0363696,0.42131,23173
4992,0.0373541,0.301847,3632
4993,0.0371742,0.472839,51074
4994,0.0539302,0.46659,27054
4995,0.0365609,0.545684,48506
4996,0.0372339,0.473147,39704
4997,0.0365168,0.505351,58398
4998,0.0367298,0.408485,50587
4999,0.0356325,0.35077,21945
5000,0.0386842,0.497212,50824
5001,0.0364427,0.529285,33899
5002,0.0368532,0.336859,36777
5003,0.0369073,0.416828,38135
5004,0.0362938,0.442154,27617
5005,0.0361131,0.200332,39169
5006,0.0381099,0.452099,40801
5007,0.036045,0.395891,49743
5008,0.03668,0.349127,10645
5009,0.0373162,0.340858,59741
5010,0.0366408,0.321944,12231
5011,0.0358949,0.552303,17
5012,0.0375259,0.439139,59035
5013,0.0364145,0.175742,20443
5014,0.0378807,0.240748,32474
5015,0.0379725,0.493384,42851
5016,0.0370721,0.467541,40083
5017,0.0365373,0.459363,44537
5018,0.036057,0.506926,20761
5019,0.0373353,0.476672,46130
5020,0.0372538,0.510689,46895
5021,0.0366623,0.438667,35570
5022,0.0371837,0.394348,52651
5023,0.0362766,0.432918,18787
5024,0.0361619,0.467383,39790
5025,0.0385027,0.217346,47993
5026,0.0712817,0.375281,53847
5027,0.0539367,0.476389,37975
5028,0.0364717,0.522945,32931
5029,0.0362193,0.327227,10529
5030,0.0372819,0.432561,2345
5031,0.0362086,0.297412,743
5032,0.0366034,0.447865,14947
5033,0.0369733,0.261079,12115
5034,0.0352298,0.34393,8145
5035,0.0359757,0.398877,25039
5036,0.0368999,0.225963,27896
5037,0.0363969,0.500558,50096
5038,0.036143,0.475511,6405
5039,0.0369939,0.386645,37815
5040,0.0368332,0.371651,15393
5041,0.0366375,0.44778,18774
5042,0.0365709,0.388257,10613
5043,0.037435,0.381967,29421
5044,0.0367901,0.194366,25112
5045,0.0367912,0.444438,22369
5046,0.0381927,0.532293,41639
5047,0.0367431,0.414875,3071
5048,0.037149,0.322735,44367
5049,0.0368221,0.494897,18317
5050,0.0372114,0.280593,24413
5051,0.0369324,0.515273,16163
5052,0.0373495,0.207222,9011
5053,0.0374886,0.508084,4509
5054,0.0371458,0.545133,36645
5055,0.0367043,0.476809,54041
5056,0.0368254,0.540583,22805
5057,0.0360068,0.386871,23915
5058,0.0363518,0.394867,59293
5059,0.0371913,0.419944,445
5060,0.0362878,0.394618,12529
5061,0.0354471,0.399347,38734
5062,0.0379506,0.497507,53091
5063,0.0377857,0.396343,5445
5064,0.0380419,0.307174,49069
5065,0.0391288,0.475676,47093
5066,0.0368262,0.378032,35439
5067,0.0372527,0.575495,13045
5068,0.0372118,0.594684,56452
5069,0.0373333,0.305845,51365
5070,0.0362167,0.298305,28753
5071,0.0357929,0.289201,505
5072,0.0382075,0.193654,34889
5073,0.03784,0.332889,13499
5074,0.0367913,0.54982,35530
5075,0.0388591,0.480448,51705
5076,0.0373102,0.392515,41977
5077,0.0372723,0.312815,34825
5078,0.0369662,0.624762,40079
5079,0.0362167,0.286034,733
5080,0.0371162,0.362464,2697
5081,0.037155,0.223892,13392
5082,0.036641,0.472763,12187
5083,0.0361279,0.615586,10173
5084,0.03713,0.417136,50858
5085,0.0369482,0.397203,38833
5086,0.0373114,0.450695,24249
5087,0.0360727,0.360192,23067
5088,0.0357618,0.417043,48145
5089,0.0356819,0.483095,41595
5090,0.036293,0.27645,8083
5091,0.0370039,0.236598,24465
5092,0.036292,0.272146,12049
5093,0.0379357,0.194159,17351
5094,0.0372828,0.371083,39053
5095,0.0357147,0.357994,35457
5096,0.0368562,0.460678,44689
5097,0.0376313,0.433827,37471
5098,0.0358539,0.504226,22827
5099,0.0358108,0.439024,59896
5100,0.0366945,0.385918,12051
5101,0.0375173,0.357094,22355
5102,0.0374783,0.449775,48812
5103,0.037373,0.558599,42155
5104,0.037286,0.406219,39511
5105,0.0367705,0.524939,12409
5106,0.0439266,0.338274,28689
5107,0.0469935,0.309236,1525
5108,0.0355842,0.454082,37287
5109,0.0359425,0.339564,36351
5110,0.036033,0.332289,16496
5111,0.0381737,0.491373,36407
5112,0.0363693,0.199855,43269
5113,0.0359955,0.208817,22831
5114,0.0361658,0.452717,11771
5115,0.0359804,0.436501,37475
5116,0.0374787,0.395767,15529
5117,0.0364716,0.393531,55362
5118,0.0359689,0.429074,58273
5119,0.0366686,0.472552,40155
5120,0.0359343,0.460818,16269
5121,0.0361923,0.431333,19141
5122,0.0376118,0.388119,9999
5123,0.0363171,0.479893,51657
5124,0.0361632,0.300257,51365
5125,0.0367649,0.451858,7633
5126,0.0371802,0.472006,59905
5127,0.0363655,0.534172,35315
5128,0.0362561,0.177751,29807
5129,0.037137,0.460187,12073
5130,0.0358979,0.36856,6787
5131,0.0375447,0.369883,44114
5132,0.037818,0.214709,47969
5133,0.0366756,0.305352,47835
5134,0.0365387,0.519101,22805
5135,0.0382674,0.452824,59741
5136,0.0382325,0.445292,37801
5137,0.0370352,0.36099,57145
5138,0.0358093,0.514337,33181
5139,0.0368617,0.264836,2621
5140,0.0364537,0.613566,43537
5141,0.0364811,0.4243,59288
5142,0.0365599,0.446802,18887
5143,0.0361885,0.533137,21007
5144,0.0362926,0.401877,41503
5145,0.0373914,0.430505,23577
5146,0.0362739,0.557518,57391
5147,0.0360471,0.370214,10343
5148,0.0362012,0.226591,36997
5149,0.0370462,0.35683,732
5150,0.0367922,0.44244,9953
5151,0.0382612,0.462299,33554
5152,0.0356301,0.588719,21227
5153,0.0359706,0.384603,59029
5154,0.0544734,0.329342,50872
5155,0.0361809,0.427732,24615
5156,0.0363712,0.211033,22343
5157,0.0371729,0.502453,50736
5158,0.0371618,0.431726,13879
5159,0.0370673,0.416973,10521
5160,0.0377001,0.457284,31886
5161,0.0374238,0.460086,4477
5162,0.036578,0.448414,59254
5163,0.0361339,0.591958,36121
5164,0.0364024,0.427058,7755
5165,0.0365622,0.665693,3603
5166,0.0360188,0.219981,34033
5167,0.0379758,0.535785,59675
5168,0.0366581,0.50142,27570
5169,0.0354275,0.442058,21887
5170,0.0373035,0.492639,50939
5171,0.0362559,0.427789,41452
5172,0.0376019,0.523172,44943
5173,0.0551191,0.533323,28766
5174,0.0358956,0.568592,9684
5175,0.0358576,0.370431,56797
5176,0.0365975,0.681982,28539
5177,0.0361951,0.423905,6947
5178,0.0360991,0.440096,36246
5179,0.0378663,0.391578,2271
5180,0.0359027,0.393426,18333
5181,0.0372981,0.48202,52446
5182,0.0374288,0.507331,18777
5183,0.0357151,0.570077,34311
5184,0.0366844,0.618594,34311
5185,0.0357487,0.422931,56524
5186,0.0375704,0.176629,44887
5187,0.035633,0.552469,53769
5188,0.0370109,0.602083,8662
5189,0.037964,0.383151,33435
5190,0.0375078,0.456716,3349
5191,0.0370409,0.522105,48835
5192,0.0372111,0.50576,53224
5193,0.0355891,0.205619,21247
5194,0.0357926,0.635099,22887
5195,0.0372802,0.478422,41990
5196,0.0367778,0.537173,43218
5197,0.0360415,0.549201,21275
5198,0.0360353,0.541559,1793
5199,0.0368084,0.610851,40986
5200,0.0363098,0.396408,14424
5201,0.03585,0.564939,48056
5202,0.036838,0.417722,4779
5203,0.0369405,0.396063,22632
5204,0.0370539,0.614026,58011
5205,0.0525405,0.45434,17483
5206,0.0384741,0.553932,32698
5207,0.0374561,0.560576,48687
5208,0.0373901,0.256661,8903
5209,0.0382057,0.662221,46699
5210,0.0849153,0.601322,58854
5211,0.137743,0.184297,21687
5212,0.152034,0.501557,361
5213,0.144037,0.487783,14921
5214,0.0871832,0.488116,42505
5215,0.0619022,0.503961,5270
5216,0.0937644,0.453728,17087
5217,0.0871302,0.437182,9962
5218,0.0748662,0.492292,47026
5219,0.0752631,0.376295,5209
5220,0.0737144,0.457162,15063
5221,0.163217,0.562278,47026
5222,0.0860569,0.487098,50252
5223,0.0887727,0.499124,15794
5224,0.0918587,0.486316,6959
5225,0.0770749,0.568054,3707
5226,0.088989,0.59226,22923
5227,0.0887219,0.224265,8903
5228,0.0912591,0.503873,31231
5229,0.0879851,0.470539,48856
5230,0.0903256,0.363672,18667
5231,0.0389414,0.539878,38870
5232,0.0545608,0.203127,53351
5233,0.0689417,0.357533,51093
5234,0.0768578,0.324718,13710
5235,0.0563344,0.44802,4699
5236,0.0414382,0.55849,47212
5237,0.0468098,0.613814,36103
5238,0.0387437,0.401874,7348
5239,0.0724034,0.552483,37516
5240,0.0386036,0.509641,59276
5241,0.038684,0.415848,59595
5242,0.0546824,0.481615,55063
5243,0.0754301,0.333808,12553
5244,0.0395734,0.588342,4535
5245,0.0385427,0.46442,7189
5246,0.0375311,0.520388,36436
5247,0.0387769,0.34731,319
5248,0.0382123,0.498,57351
5249,0.0374352,0.421942,48554
5250,0.0381481,0.624237,1262
5251,0.036375,0.432486,24615
5252,0.0374197,0.243623,29909
5253,0.038592,0.390163,869
5254,0.0398247,0.271986,2599
5255,0.0390013,0.556684,11003
5256,0.0374507,0.512789,57382
5257,0.0376392,0.445532,41158
5258,0.0370505,0.200853,28961
5259,0.0363606,0.363593,453
5260,0.0367347,0.484913,585
5261,0.0371316,0.405958,42790
5262,0.036753,0.428376,5341
5263,0.0377668,0.468923,53775
5264,0.0363982,0.524552,48320
5265,0.0366486,0.600378,24577
5266,0.036551,0.461298,33463
5267,0.0379761,0.475165,2936
5268,0.0558315,0.492155,14365
5269,0.0402271,0.446175,24305
5270,0.0388511,0.364027,48111
5271,0.0675281,0.198848,24431
5272,0.0608357,0.398013,42159
5273,0.0388319,0.450847,54020
5274,0.0379613,0.437438,26673
5275,0.0369469,0.39987,21919
5276,0.0369708,0.339681,10748
5277,0.0389582,0.27987,32515
5278,0.0367384,0.511682,11885
5279,0.0370523,0.433943,43718
5280,0.0375696,0.325892,31082
5281,0.038226,0.225648,23755
5282,0.0381738,0.392275,2641
5283,0.0373504,0.461946,24358
5284,0.0362472,0.525146,59690
5285,0.0365916,0.453123,55376
5286,0.0395271,0.338699,39251
5287,0.0391398,0.375929,47727
5288,0.0373375,0.546757,43993
5289,0.0379887,0.339399,46773
5290,0.0366198,0.347545,47072
5291,0.0364085,0.221144,35389
5292,0.0381414,0.419082,38635
5293,0.057818,0.468977,45699
5294,0.0377419,0.39433,19795
5295,0.055086,0.421906,21919
5296,0.0380808,0.367437,46310
5297,0.0369737,0.277011,42593
5298,0.0369958,0.513503,43993
5299,0.036898,0.354871,11423
5300,0.0365972,0.362172,12622
5301,0.0376747,0.301041,48960
5302,0.035938,0.43981,21833
5303,0.0360616,0.29905,44602
5304,0.0370012,0.367293,20122
5305,0.0366747,0.330738,21635
5306,0.0359353,0.468093,11331
5307,0.0378236,0.328835,22874
5308,0.0367939,0.50868,44740
5309,0.0360496,0.373598,58021
5310,0.0366982,0.411627,17303
5311,0.0359373,0.3926,45440
5312,0.0357024,0.436118,45751
5313,0.0359922,0.375065,19663
5314,0.0546811,0.244539,42731
5315,0.0361869,0.362518,29475
5316,0.0367332,0.239928,17423
5317,0.0374861,0.367128,30902
5318,0.03573,0.179584,58953
5319,0.0367212,0.461049,24885
5320,0.0362088,0.382392,59450
5321,0.0364585,0.333239,56318
5322,0.0359988,0.452925,57915
5323,0.037126,0.236538,24555
5324,0.0362507,0.330451,2909
5325,0.0367462,0.377621,20034
5326,0.0378236,0.273215,31073
5327,0.0368898,0.181706,47875
5328,0.0369972,0.410159,21622
5329,0.0377327,0.475146,59769
5330,0.0371614,0.440645,16645
5331,0.0364421,0.65422,57742
5332,0.0359885,0.349728,6000
5333,0.0375932,0.308176,6145
5334,0.0376093,0.307675,45059
5335,0.037223,0.555281,11447
5336,0.0375119,0.503292,36707
5337,0.0363712,0.299351,57064
5338,0.0352714,0.476125,2357
5339,0.0356523,0.450318,10492
5340,0.035859,0.458749,15440
5341,0.0356968,0.353962,27842
5342,0.0369105,0.306244,39115
5343,0.0368312,0.424691,34669
5344,0.0361551,0.352683,42728
5345,0.0370467,0.477132,49754
5346,0.037225,0.440807,46130
5347,0.0363777,0.402919,32198
5348,0.0364924,0.511094,9091
5349,0.0362867,0.485866,14987
5350,0.0362965,0.207372,48517
5351,0.0363352,0.428536,27557
5352,0.037199,0.362954,36319
5353,0.0361274,0.316029,55986
5354,0.0362217,0.313378,56885
5355,0.0370739,0.469686,58795
5356,0.0368644,0.495197,3655
5357,0.0367409,0.336707,6571
5358,0.0370109,0.435597,3215
5359,0.0375964,0.457817,22730
5360,0.0350849,0.513539,17768
5361,0.0373083,0.15698,8373
5362,0.0369462,0.443465,21490
5363,0.0378152,0.252832,59140
5364,0.0371833,0.479701,12804
5365,0.0371884,0.372345,5437
5366,0.0357619,0.398114,50335
5367,0.0354473,0.510857,9377
5368,0.0533968,0.346819,40246
5369,0.0352891,0.293114,25395
5370,0.0372066,0.209364,34493
5371,0.0382829,0.317574,4217
5372,0.0372841,0.338285,307
5373,0.0364373,0.339668,37457
5374,0.0360497,0.494118,58039
5375,0.0366974,0.337376,57432
5376,0.0371663,0.437767,12163
5377,0.0372787,0.435943,17622
5378,0.0387266,0.357306,56411
5379,0.0356647,0.481485,34165
5380,0.036692,0.470391,34770
5381,0.0371413,0.451162,11230
5382,0.0367161,0.467752,51571
5383,0.0360285,0.351534,7086
5384,0.0380171,0.186223,47141
5385,0.0358984,0.454862,32854
5386,0.0356902,0.322006,51609
5387,0.036414,0.398395,58762
5388,0.0389891,0.29323,3022
5389,0.0370491,0.481882,28478
5390,0.0382742,0.486845,57876
5391,0.0363829,0.364452,20416
5392,0.035975,0.45021,55220
5393,0.0378754,0.428725,25255
5394,0.0363564,0.528257,39559
5395,0.0359299,0.546777,13473
5396,0.0365894,0.309999,47864
5397,0.0367894,0.472648,38314
5398,0.0352997,0.34968,7130
5399,0.0363052,0.212323,53823
5400,0.0367639,0.50785,36663
5401,0.0357979,0.465405,58883
5402,0.0359741,0.251544,32174
5403,0.0364943,0.522449,15691
5404,0.0361046,0.427895,6625
5405,0.0356171,0.429832,6979
5406,0.037675,0.246967,50498
5407,0.0368846,0.553867,36167
5408,0.0379261,0.482225,909
5409,0.0370392,0.585871,22699
5410,0.0357666,0.525909,21895
5411,0.0355929,0.441263,21205
5412,0.0373573,0.283832,27005
5413,0.0375498,0.542999,16301
5414,0.0369417,0.337359,57047
5415,0.0370257,0.466477,21413
5416,0.0373632,0.330306,50911
5417,0.0367907,0.586677,20679
5418,0.0369083,0.472401,28735
5419,0.0376735,0.50753,56496
5420,0.0359377,0.54035,10373
5421,0.0359044,0.487771,48707
5422,0.053035,0.424347,28309
5423,0.0361318,0.441072,11908
5424,0.0361712,0.392128,6886
5425,0.0373594,0.403371,29333
5426,0.036839,0.525718,40187
5427,0.0374849,0.444898,50933
5428,0.0358168,0.316382,52885
5429,0.035905,0.398849,55347
5430,0.036148,0.380285,52993
5431,0.0366978,0.232857,26295
5432,0.0367723,0.543634,57489
5433,0.0363734,0.372904,14441
5434,0.0362714,0.438224,5050
5435,0.0364424,0.334802,17881
5436,0.0360754,0.425918,6505
5437,0.0375371,0.341713,25972
5438,0.036343,0.369831,10126
5439,0.0359042,0.425398,21131
5440,0.0361396,0.426497,2046
5441,0.0370721,0.39285,38104
5442,0.0359325,0.181321,53707
5443,0.0362091,0.359539,29243
5444,0.0369549,0.452881,38919
5445,0.0375121,0.47643,12695
5446,0.0374012,0.477338,45000
5447,0.0500657,0.32067,19707
5448,0.0439148,0.412045,52515
5449,0.0377171,0.636451,56973
5450,0.0378983,0.5282,20955
5451,0.0373756,0.362462,15884
5452,0.037944,0.391014,19361
5453,0.037813,0.196011,15255
5454,0.036544,0.442668,5919
5455,0.0368389,0.516649,36142
5456,0.0369708,0.340337,54517
5457,0.0365992,0.70448,29609
5458,0.0362864,0.386423,9818
5459,0.0361165,0.399517,47693
5460,0.037511,0.163892,1680
5461,0.0362762,0.193636,47935
5462,0.0361345,0.470753,55043
5463,0.0373999,0.335124,38200
5464,0.03622,0.563277,55385
5465,0.0358605,0.316614,24571
5466,0.0368678,0.321153,17696
5467,0.0359478,0.377018,54591
5468,0.0359367,0.486678,8295
5469,0.0376498,0.503423,58473
5470,0.036948,0.428824,36318
5471,0.0371418,0.333449,3189
5472,0.0372186,0.47942,41619
5473,0.0366051,0.43473,19741
5474,0.0359832,0.456231,52417
5475,0.0356307,0.422412,30802
5476,0.0369672,0.449512,43231
5477,0.0363061,0.185844,9011
5478,0.0358579,0.414939,19052
5479,0.0385461,0.413444,40925
5480,0.0558782,0.490514,3705
5481,0.0359381,0.434721,44483
5482,0.0378672,0.360311,54115
5483,0.0367451,0.389277,59103
5484,0.0367375,0.319549,16538
5485,0.0369951,0.311997,29423
5486,0.0365104,0.191483,43315
5487,0.036184,0.426514,41581
5488,0.0368161,0.471543,24995
5489,0.0373032,0.380609,39187
5490,0.0360494,0.185239,2047
5491,0.0369841,0.369438,28665
5492,0.0368865,0.422009,55017
5493,0.0363294,0.479641,18614
5494,0.0372639,0.411425,58378
5495,0.0375379,0.515444,28987
5496,0.0369969,0.415971,29806
5497,0.0734197,0.426693,26077
5498,0.0372729,0.316905,10427
5499,0.036729,0.273811,52205
5500,0.0366001,0.479309,12595
5501,0.0355496,0.420693,26977
5502,0.0362444,0.608063,23313
5503,0.0366972,0.505012,30469
5504,0.0366395,0.516326,41123
5505,0.0377285,0.3222,11794
5506,0.0391443,0.223471,31871
5507,0.0370529,0.446784,38108
5508,0.0357525,0.36185,30241
5509,0.0366365,0.41429,23409
5510,0.0368682,0.439155,2287
5511,0.0362848,0.304908,50595
5512,0.0364719,0.340595,46048
5513,0.0373266,0.269711,38926
5514,0.0360515,0.183692,20131
5515,0.0364226,0.421095,17757
5516,0.0376235,0.418559,36990
5517,0.0364375,0.410961,38622
5518,0.0362245,0.457939,43506
5519,0.0551331,0.460976,27343
5520,0.0376162,0.175072,12226
5521,0.0363844,0.339512,17757
5522,0.0542877,0.482669,54056
5523,0.036339,0.487129,34598
5524,0.0384085,0.152552,47709
5525,0.0369613,0.514333,53384
5526,0.0370502,0.426761,30939
5527,0.0369439,0.423806,52646
5528,0.0379428,0.442828,40640
5529,0.0363425,0.323259,50749
5530,0.0363656,0.498211,20133
5531,0.0362417,0.31368,58458
5532,0.0361213,0.419363,56638
5533,0.0357277,0.369692,10841
5534,0.0372666,0.229673,46915
5535,0.0368017,0.215323,49008
5536,0.0372676,0.419118,26161
5537,0.0372186,0.378534,33990
5538,0.0558111,0.419981,31949
5539,0.036673,0.501002,36267
5540,0.0371131,0.295025,51496
5541,0.0359782,0.367798,48822
5542,0.0362692,0.439306,24667
5543,0.0361683,0.375343,25445
5544,0.0365993,0.211896,48044
5545,0.0361087,0.476116,39790
5546,0.0378356,0.433014,32706
5547,0.0370695,0.431649,20035
5548,0.0363776,0.424089,25445
5549,0.0359752,0.424474,16615
5550,0.0364215,0.170555,40861
5551,0.036372,0.311734,46769
5552,0.0364586,0.187663,25447
5553,0.0366002,0.181018,40861
5554,0.0357591,0.275358,38946
5555,0.0358632,0.432235,46971
5556,0.0372451,0.411102,51077
5557,0.0363294,0.415099,5076
5558,0.0373717,0.408577,25297
5559,0.0380161,0.451691,48194
5560,0.0359651,0.484403,8483
5561,0.0367824,0.439181,51077
5562,0.0360636,0.483707,12621
5563,0.0368061,0.33268,6623
5564,0.0376744,0.497723,34429
5565,0.0380278,0.33662,4830
5566,0.0567106,0.232613,48902
5567,0.0367616,0.396113,45540
5568,0.0546408,0.384207,34456
5569,0.0364711,0.474445,32774
5570,0.0370346,0.465682,20000
5571,0.0382267,0.451895,32585
5572,0.0364246,0.434737,17742
5573,0.0360574,0.481553,21320
5574,0.0362417,0.460466,17742
5575,0.0369297,0.327974,2299
5576,0.0366844,0.290762,41851
5577,0.036778,0.446963,39117
5578,0.0368841,0.434225,13924
5579,0.036026,0.412194,43148
5580,0.0374859,0.331592,45922
5581,0.0381055,0.351114,19678
5582,0.0365788,0.302805,53810
5583,0.0364867,0.465903,18765
5584,0.0371192,0.375232,26731
5585,0.0369851,0.404645,26364
5586,0.036567,0.545079,54645
5587,0.0366327,0.296664,1112
5588,0.0363893,0.285617,48127
5589,0.0370087,0.37413,46942
5590,0.0362735,0.237998,34980
5591,0.0363087,0.295097,21332
5592,0.0363783,0.265506,3516
5593,0.0356667,0.508005,37189
5594,0.0355633,0.311536,25702
5595,0.0372106,0.575443,4646
5596,0.0368761,0.465372,5080
5597,0.0366287,0.51717,14785
5598,0.0361015,0.526709,28097
5599,0.035364,0.494001,23465
5600,0.0376755,0.395116,10799
5601,0.0364941,0.548421,9591
5602,0.0361967,0.261672,34489
5603,0.0377532,0.437729,31904
5604,0.0369073,0.211112,47777
5605,0.0358978,0.590892,47302
5606,0.0361911,0.334086,33080
5607,0.0364361,0.534715,27371
5608,0.0359736,0.617936,5991
5609,0.0362301,0.404162,30249
5610,0.0378351,0.404722,13174
5611,0.03673,0.657599,9601
5612,0.0364103,0.394819,38930
5613,0.0506874,0.62457,39664
5614,0.0355796,0.248618,2731
5615,0.0363953,0.477947,40788
5616,0.03722,0.438426,29506
5617,0.0360798,0.594785,32308
5618,0.0360788,0.477636,22038
5619,0.0372876,0.451052,43396
5620,0.0362467,0.538447,53948
5621,0.0363579,0.538452,24926
5622,0.0548609,0.290712,9122
5623,0.0370743,0.474142,29249
5624,0.0361121,0.493028,49253
5625,0.0374482,0.391145,32790
5626,0.0363722,0.530907,27233
5627,0.0366983,0.394025,36988
5628,0.037355,0.40471,45699
5629,0.0367528,0.479714,27215
5630,0.036922,0.248182,14849
5631,0.0368807,0.567244,12790
5632,0.0378826,0.443486,59790
5633,0.0365246,0.522088,41486
5634,0.0370227,0.541045,30925
5635,0.0368901,0.437744,43644
5636,0.0370844,0.677443,25004
5637,0.0366038,0.224364,45237
5638,0.0363636,0.449598,2751
5639,0.0365505,0.55865,718
5640,0.0370502,0.480186,35773
5641,0.0376279,0.53267,21229
5642,0.0368523,0.711018,18293
5643,0.0369326,0.50857,28977
5644,0.0362253,0.565382,6994
5645,0.0376783,0.375647,39657
5646,0.0371013,0.279317,46792
5647,0.0384522,0.586346,6994
5648,0.0359332,0.414676,36114
5649,0.0370658,0.389199,11805
5650,0.0517596,0.45795,12482
5651,0.0388633,0.193581,30261
5652,0.0369058,0.35115,51290
5653,0.036534,0.510393,24698
5654,0.0367123,0.500149,38857
5655,0.0368651,0.546732,17220
5656,0.0369521,0.540007,13578
5657,0.0374364,0.479619,3162
5658,0.0366036,0.526836,6557
5659,0.0366401,0.324404,17770
5660,0.0376335,0.477171,15370
5661,0.0535901,0.402334,24115
5662,0.0359997,0.464801,815
5663,0.0369304,0.338906,30801
5664,0.0361222,0.459786,28049
5665,0.0364049,0.374398,38190
5666,0.0367919,0.238764,46142
5667,0.037074,0.599596,27229
5668,0.0361195,0.488113,43245
5669,0.0371886,0.37739,34197
5670,0.0368622,0.448704,50868
5671,0.0366418,0.428009,55441
5672,0.0373935,0.376972,23217
5673,0.0363522,0.421863,31195
5674,0.0358111,0.508675,22663
5675,0.0362922,0.561506,19877
5676,0.0371493,0.858061,9740
5677,0.0365533,0.578919,31941
5678,0.037422,0.654082,44082
5679,0.0370343,0.229548,27300
5680,0.0368575,0.545587,54336
5681,0.0377676,0.353333,45368
5682,0.0370915,0.445063,26793
5683,0.0358081,0.420402,50758
5684,0.0367499,0.383549,4527
5685,0.0553362,0.235787,25460
5686,0.0361282,0.384184,33874
5687,0.0364299,0.496615,48849
5688,0.037201,0.3484,26755
5689,0.0361593,0.224516,24461
5690,0.035922,0.477091,17652
5691,0.0375431,0.59359,41006
5692,0.0364509,0.534335,39153
5693,0.0366243,0.377442,18194
5694,0.0383859,0.395603,53892
5695,0.0368906,0.425202,39326
5696,0.0361913,0.525388,49881
5697,0.0389101,0.510313,44976
5698,0.0371776,0.596694,5516
5699,0.0368146,0.191087,8180
5700,0.0379273,0.530903,35922
5701,0.0366254,0.575027,29198
5702,0.0362074,0.370307,54224
5703,0.0355239,0.432359,37304
5704,0.0369812,0.360391,9229
5705,0.0360793,0.43149,49564
5706,0.0354528,0.53908,29457
5707,0.0371566,0.451487,35374
5708,0.0364629,0.490246,3920
5709,0.0357204,0.428577,50614
5710,0.0366104,0.546074,2628
5711,0.0360613,0.576838,26655
5712,0.0360449,0.384598,41039
5713,0.0377303,0.508451,42620
5714,0.0367164,0.489973,16630
5715,0.0362658,0.456359,45368
5716,0.0367322,0.485321,21453
5717,0.039453,0.579141,59475
5718,0.0557408,0.446007,25460
5719,0.0357265,0.542661,16846
5720,0.0364137,0.599716,14785
5721,0.0360989,0.325144,35853
5722,0.0369683,0.228003,46823
5723,0.0368884,0.486373,34917
5724,0.0363924,0.573759,54531
5725,0.0368301,0.489948,45191
5726,0.0378061,0.545838,28924
5727,0.0361406,0.38316,59206
5728,0.0360524,0.479948,54365
5729,0.0380791,0.444234,37701
5730,0.036291,0.43316,59564
5731,0.0365993,0.505632,3964
5732,0.0376199,0.289153,37624
5733,0.0361694,0.56639,19245
5734,0.0364693,0.693981,39974
5735,0.0527257,0.641156,15975
5736,0.039899,0.596068,16317
5737,0.0367375,0.561137,31969
5738,0.0376246,0.211197,46801
5739,0.038275,0.430474,49369
5740,0.0375536,0.518051,6350
5741,0.0385623,0.541116,5111
5742,0.0363136,0.540553,22038
5743,0.0367315,0.420168,31175
5744,0.0359458,0.438919,25709
5745,0.0374097,0.415295,50038
5746,0.035905,0.561804,25061
5747,0.036098,0.41869,54343
5748,0.0369286,0.496551,6038
5749,0.0356498,0.565682,17121
5750,0.0367928,0.376191,13206
5751,0.0375418,0.330974,27039
5752,0.0361697,0.635881,45899
5753,0.0363434,0.439999,1147
5754,0.0373247,0.584915,47657
5755,0.0375399,0.449588,33056
5756,0.0371804,0.469408,55027
5757,0.0559061,0.517639,1221
5758,0.0359919,0.439906,26879
5759,0.0354327,0.350075,26409
5760,0.0372263,0.502206,6559
5761,0.036005,0.542654,49409
5762,0.0361829,0.230392,35819
5763,0.0369883,0.61602,49409
5764,0.0363614,0.460685,32665
5765,0.0360802,0.548697,59265
5766,0.0375135,0.431782,32653
5767,0.0366576,0.491064,11203
5768,0.0358859,0.417537,323
5769,0.0365361,0.547747,37472
5770,0.0363454,0.452762,8071
5771,0.0360339,0.655636,17121
5772,0.0364708,0.589726,41037
5773,0.0364853,0.402985,27543
5774,0.0349414,0.306787,17474
5775,0.0368035,0.551728,53569
5776,0.0367925,0.191641,21173
5777,0.0361752,0.582021,29276
5778,0.0363805,0.48387,51059
5779,0.0378963,0.55287,59212
5780,0.0357252,0.477158,23281
5781,0.035872,0.413611,57206
5782,0.0366952,0.509475,11424
5783,0.0369512,0.213781,40097
5784,0.0360714,0.506989,55072
5785,0.0428915,0.506468,20695
5786,0.0477307,0.1756,11433
5787,0.0358999,0.465781,793
5788,0.0370976,0.329239,25753
5789,0.0362312,0.286188,50115
5790,0.0367993,0.352026,6145
5791,0.0378842,0.421016,48719
5792,0.0370169,0.443408,20455
5793,0.0359176,0.362572,28333
5794,0.0363427,0.248676,26951
5795,0.037925,0.264158,11329
5796,0.0371269,0.397253,20243
5797,0.0362661,0.587934,30732
5798,0.0562161,0.353107,25009
5799,0.0375333,0.38499,54924
5800,0.0371807,0.452708,11465
5801,0.0377705,0.49742,56548
5802,0.0354935,0.559863,14435
5803,0.0364361,0.608751,28338
5804,0.0544438,0.509422,59860
5805,0.0364255,0.358806,20421
5806,0.0366466,0.401736,44675
5807,0.0371354,0.523208,6198
5808,0.0357199,0.287125,36748
5809,0.0363795,0.233672,29069
5810,0.0370264,0.419109,52503
5811,0.0369934,0.164218,16265
5812,0.0362839,0.32799,8368
5813,0.0376567,0.313946,36319
5814,0.0365917,0.584705,6420
5815,0.036635,0.551382,4579
5816,0.0387971,0.511724,39551
5817,0.0369484,0.384384,19357
5818,0.0371984,0.397257,56419
5819,0.0374336,0.397234,40741
5820,0.0379821,0.431877,35509
5821,0.0359385,0.579626,33602
5822,0.0365655,0.363792,4919
5823,0.037953,0.523313,24203
5824,0.0361349,0.588801,53554
5825,0.0350189,0.536163,56833
5826,0.0371335,0.467082,14155
5827,0.0359863,0.480891,35823
5828,0.0360428,0.535895,29918
5829,0.0372279,0.582022,56926
5830,0.0359517,0.429667,54474
5831,0.0354065,0.341239,48127
5832,0.0361987,0.536431,10525
5833,0.0373154,0.503027,10333
5834,0.0360033,0.419174,19627
5835,0.0363621,0.548512,32909
5836,0.0362804,0.480614,26474
5837,0.0361344,0.39985,40943
5838,0.036149,0.482631,15103
5839,0.0368013,0.232333,43349
5840,0.035719,0.565724,32135
5841,0.0357971,0.750169,22675
5842,0.0364083,0.535361,10521
5843,0.0364532,0.582386,16745
5844,0.0364233,0.460956,35718
5845,0.0380254,0.622026,26851
5846,0.0539479,0.439857,35589
5847,0.0357315,0.420572,859
5848,0.0371856,0.226299,25687
5849,0.0358684,0.527657,34182
5850,0.0358859,0.416497,58113
5851,0.0373897,0.493303,41722
5852,0.035565,0.494931,26467
5853,0.0363665,0.317468,1951
5854,0.0371595,0.58354,36230
5855,0.0364992,0.43309,39991
5856,0.0364614,0.42382,48816
5857,0.0375275,0.537393,22054
5858,0.0386634,0.548478,52471
5859,0.0365444,0.139113,31839
5860,0.0537207,0.441449,21187
5861,0.0361465,0.576623,52579
5862,0.0357488,0.496208,54581
5863,0.0361261,0.483364,59475
5864,0.0367441,0.398979,9726
5865,0.0363272,0.334411,11060
5866,0.0362034,0.519742,11426
5867,0.0369681,0.49974,4601
5868,0.0361018,0.394135,13028
5869,0.0368926,0.353025,16727
5870,0.0379559,0.513281,8703
5871,0.0371417,0.484623,43565
5872,0.0381044,0.235161,35642
5873,0.0381541,0.228825,32224
5874,0.0370657,0.568256,58117
5875,0.0367649,0.383699,28940
5876,0.0372707,0.552,39191
5877,0.0366761,0.45748,46715
5878,0.0372772,0.66516,55751
5879,0.0360427,0.559444,28067
5880,0.0368342,0.223996,25842
5881,0.0361013,0.480755,18931
5882,0.0365124,0.531089,56029
5883,0.037152,0.603794,44209
5884,0.0378078,0.397909,1488
5885,0.0362228,0.494618,40887
5886,0.0377404,0.455531,54851
5887,0.0369385,0.619062,52520
5888,0.0368184,0.609961,39455
5889,0.0386396,0.203622,50561
5890,0.03637,0.345114,17779
5891,0.036951,0.631503,27193
5892,0.0370735,0.483769,24969
5893,0.0539155,0.198479,12590
5894,0.0372502,0.336974,51521
5895,0.0379441,0.505164,27736
5896,0.0375269,0.163041,31526
5897,0.0375392,0.496533,15268
5898,0.0389866,0.459817,56385
5899,0.0376703,0.321136,44589
5900,0.0375904,0.445601,51625
5901,0.0384321,0.378236,17788
5902,0.0368785,0.188006,47310
5903,0.036855,0.373747,30801
5904,0.0365963,0.492603,52446
5905,0.0364172,0.531587,23899
5906,0.0368554,0.485483,32342
5907,0.0371231,0.530637,28839
5908,0.036462,0.427602,44547
5909,0.0361615,0.50297,7549
5910,0.0366455,0.584378,3819
5911,0.0379298,0.502863,33179
5912,0.0364269,0.637508,58237
5913,0.0364286,0.76369,25055
5914,0.0386859,0.566895,26755
5915,0.0393238,0.249564,33188
5916,0.0383855,0.455538,49827
5917,0.0382021,0.180461,18360
5918,0.0360033,0.454853,36269
5919,0.0369584,0.349108,50867
5920,0.0371422,0.382323,31037
5921,0.0378389,0.455127,33707
5922,0.0361849,0.558179,6504
5923,0.0379794,0.519722,51077
5924,0.036068,0.367481,50065
5925,0.0370978,0.450435,20664
5926,0.0365242,0.478802,17604
5927,0.0374572,0.492642,19032
5928,0.0372193,0.431262,17867
5929,0.0374101,0.385845,57494
5930,0.0371039,0.331139,58743
5931,0.0361496,0.540347,50913
5932,0.0359415,0.355213,31138
5933,0.0379236,0.251559,1696
5934,0.0359447,0.465297,40420
5935,0.0357986,0.433054,4506
5936,0.0355987,0.514149,19616
5937,0.0365732,0.428843,56344
5938,0.0369492,0.478024,48858
5939,0.0365563,0.430797,14829
5940,0.037084,0.469968,50871
5941,0.0359753,0.486506,6514
5942,0.0383233,0.361473,55663
5943,0.0366286,0.292592,31238
5944,0.0361252,0.508189,17836
5945,0.0356431,0.498192,44764
5946,0.0545592,0.416616,49102
5947,0.035417,0.431458,59406
5948,0.0359334,0.446358,48319
5949,0.037173,0.442233,14777
5950,0.0361312,0.41146,50871
5951,0.0548265,0.449712,55992
5952,0.0364112,0.382396,23108
5953,0.0530269,0.28258,54552
5954,0.0737896,0.500544,39507
5955,0.03651,0.541097,51968
5956,0.0537313,0.405303,43954
5957,0.0355145,0.433171,59406
5958,0.0358497,0.445866,41344
5959,0.0365785,0.492699,15256
5960,0.0365866,0.408756,49756
5961,0.0366452,0.615613,43000
5962,0.0368329,0.446743,52980
5963,0.0369604,0.452207,15674
5964,0.0359424,0.450352,56812
5965,0.0365291,0.378681,14775
5966,0.0368782,0.442781,48858
5967,0.0357993,0.466408,25477
5968,0.0365699,0.404399,48940
5969,0.0367198,0.378177,49102
5970,0.0361022,0.258975,104
5971,0.0364313,0.422982,7822
5972,0.0381729,0.445085,11928
5973,0.0379145,0.551164,45646
5974,0.0376106,0.361962,13808
5975,0.0376196,0.529502,35875
5976,0.0372936,0.500925,48155
5977,0.0374113,0.458631,23816
5978,0.0376179,0.238548,50678
5979,0.0366592,0.537156,42272
5980,0.036468,0.3857,27401
5981,0.0369653,0.505887,25996
5982,0.0376698,0.510033,59461
5983,0.0379925,0.497177,17520
5984,0.036804,0.24037,19917
5985,0.0371203,0.456084,39562
5986,0.0366418,0.352628,49102
5987,0.0357127,0.445421,38488
5988,0.0375594,0.421838,14777
5989,0.0362646,0.368922,39742
5990,0.0358127,0.337431,30388
5991,0.0372055,0.200851,14685
5992,0.0360589,0.438931,14777
5993,0.035762,0.400704,1926
5994,0.0363537,0.390705,26777
5995,0.0378049,0.429343,14203
5996,0.0369125,0.550541,19748
5997,0.0377256,0.520561,14580
5998,0.0376105,0.37152,22135
5999,0.0376369,0.542516,20105
6000,0.0375149,0.523763,25258
6001,0.0381445,0.446739,3643
6002,0.0377438,0.468332,26785
6003,0.0365688,0.315451,44846
6004,0.0549376,0.52823,38626
6005,0.0365352,0.335456,14651
6006,0.0378776,0.433931,48614
6007,0.0375016,0.444922,45806
6008,0.0356539,0.219922,50678
6009,0.036095,0.519489,14789
6010,0.037596,0.580127,28278
6011,0.036202,0.570775,22720
6012,0.035878,0.248426,20654
6013,0.0371591,0.542238,20484
6014,0.0362248,0.446496,17836
6015,0.0359871,0.376408,47386
6016,0.0524626,0.31888,29190
6017,0.0375426,0.410997,24172
6018,0.0358575,0.471871,9732
6019,0.0367277,0.509252,18294
6020,0.0363755,0.541537,26759
6021,0.036281,0.531783,14695
6022,0.0363859,0.456078,20115
6023,0.0359286,0.584401,43248
6024,0.0361282,0.519826,48155
6025,0.0363754,0.505099,19957
6026,0.0543012,0.651782,14829
6027,0.0358564,0.59318,55202
6028,0.0369593,0.487569,56812
6029,0.0372946,0.461673,30474
6030,0.0376933,0.615126,14789
6031,0.0381198,0.438894,20119
6032,0.037666,0.536437,56703
6033,0.0359886,0.374617,50893
6034,0.0375705,0.535176,16411
6035,0.0375169,0.573849,50825
6036,0.0362864,0.499531,30762
6037,0.0361054,0.540672,44100
6038,0.0357969,0.51979,37639
6039,0.0370225,0.451864,33014
6040,0.0377405,0.441824,13808
6041,0.0374728,0.565647,15262
6042,0.0399303,0.505178,59459
6043,0.0365016,0.473257,34082
6044,0.0370242,0.269292,14701
6045,0.036019,0.604775,58874
6046,0.0358194,0.513184,33818
6047,0.0358438,0.477902,14699
6048,0.054953,0.449561,30786
6049,0.0357127,0.439478,28498
6050,0.0371119,0.383018,17350
6051,0.0368067,0.536831,18224
6052,0.036398,0.566063,17836
6053,0.0374296,0.46386,12146
6054,0.036151,0.435839,14829
6055,0.0362476,0.409958,9655
6056,0.0370348,0.449478,30383
6057,0.0724626,0.493781,19508
6058,0.0367785,0.224431,34512
6059,0.0370604,0.662794,49935
6060,0.0362754,0.279887,49837
6061,0.0350386,0.528507,42627
6062,0.036752,0.321975,8533
6063,0.0362274,0.262957,33850
6064,0.0364112,0.404716,56558
6065,0.036509,0.457898,1863
6066,0.0365613,0.445594,46691
6067,0.0353282,0.469875,6237
6068,0.0370929,0.396458,59453
6069,0.037297,0.328317,25299
6070,0.0363692,0.397307,9852
6071,0.0360423,0.497739,57510
6072,0.0377768,0.233245,36621
6073,0.0359485,0.259638,26667
6074,0.036045,0.228497,56558
6075,0.0366611,0.467669,16220
6076,0.0361202,0.385869,25333
6077,0.0359576,0.354914,6217
6078,0.0362403,0.322355,39200
6079,0.0355646,0.315643,25299
6080,0.0368142,0.470337,21851
6081,0.0363192,0.518973,53903
6082,0.0368444,0.354975,36741
6083,0.0361731,0.283768,39485
6084,0.0360006,0.378773,43338
6085,0.0367747,0.448532,59366
6086,0.0360744,0.478758,2256
6087,0.0362192,0.469617,8734
6088,0.0369687,0.350905,24453
6089,0.0378889,0.298317,25339
6090,0.0370822,0.443468,23461
6091,0.0363043,0.573795,53903
6092,0.0371783,0.158122,35052
6093,0.0363189,0.398334,43338
6094,0.0378834,0.311182,27991
6095,0.0366032,0.425607,51137
6096,0.0371631,0.440533,35317
6097,0.0372755,0.346841,21903
6098,0.0373442,0.295682,2982
6099,0.036635,0.340697,29405
6100,0.0360339,0.440118,34144
6101,0.0367071,0.410366,36185
6102,0.0384171,0.394918,28109
6103,0.0372793,0.343077,13208
6104,0.0380387,0.372498,22944
6105,0.0370045,0.32317,25449
6106,0.0366005,0.376796,5988
6107,0.0377774,0.453675,10606
6108,0.0370373,0.24616,24721
6109,0.0367557,0.477238,27622
6110,0.0375412,0.210435,36315
6111,0.0365724,0.402318,29481
6112,0.0364485,0.501895,58470
6113,0.0362627,0.409875,21901
6114,0.0376849,0.27176,12796
6115,0.0362225,0.29037,36687
6116,0.0364207,0.417267,10606
6117,0.0375951,0.35867,28125
6118,0.0358801,0.343374,27897
6119,0.0356331,0.359872,10337
6120,0.0364622,0.427928,48950
6121,0.0358602,0.407158,19221
6122,0.0372731,0.301015,29399
6123,0.0362365,0.419626,18040
6124,0.0365149,0.518647,58469
6125,0.0362132,0.174715,26406
6126,0.0366208,0.480988,58470
6127,0.0363877,0.335774,31195
6128,0.0360619,0.336792,19481
6129,0.036536,0.351661,39037
6130,0.0364234,0.333459,19559
6131,0.0355569,0.305078,28125
6132,0.0374987,0.359505,56558
6133,0.05476,0.296688,29471
6134,0.0365097,0.329077,48083
6135,0.0373483,0.188109,28017
6136,0.0381894,0.514045,26873
6137,0.0378077,0.452173,46338
6138,0.0373473,0.41156,21875
6139,0.0385305,0.482946,13519
6140,0.0358696,0.335566,29405
6141,0.0360579,0.226705,34168
6142,0.0375445,0.412498,6195
6143,0.0545054,0.420484,36675
6144,0.0350562,0.41156,6519
6145,0.0375988,0.414786,50861
6146,0.0364015,0.327443,6217
6147,0.0369749,0.408849,47182
6148,0.0380759,0.445511,44820
6149,0.0373022,0.31258,10337
6150,0.0361936,0.334387,25365
6151,0.0374832,0.46985,17103
6152,0.0365478,0.404765,2031
6153,0.0378629,0.445536,21851
6154,0.0371621,0.458864,59429
6155,0.0369249,0.427267,6401
6156,0.0367844,0.360554,33180
6157,0.0370067,0.520474,58470
6158,0.0371115,0.262042,27971
6159,0.0369357,0.233898,19651
6160,0.0364175,0.487857,23193
6161,0.0369849,0.475295,21529
6162,0.0359055,0.200972,12030
6163,0.0358455,0.353675,36741
6164,0.0381639,0.331406,14219
6165,0.0365197,0.400206,22015
6166,0.0363398,0.555523,11396
6167,0.055033,0.292715,29275
6168,0.0358648,0.511985,21786
6169,0.0359404,0.47609,22697
6170,0.0370504,0.291898,38244
6171,0.0368612,0.281484,37133
6172,0.0358107,0.546507,24103
6173,0.0374945,0.559648,27050
6174,0.0356904,0.491755,13110
6175,0.0363736,0.45685,29429
6176,0.0365193,0.423029,52437
6177,0.0364081,0.451335,33970
6178,0.0362394,0.322415,59429
6179,0.0370723,0.332647,28415
6180,0.0367507,0.446497,43768
6181,0.0358533,0.414135,5525
6182,0.0352435,0.205522,32718
6183,0.0376899,0.445548,29106
6184,0.0361413,0.362435,38166
6185,0.0361066,0.422792,10809
6186,0.0378768,0.43286,53086
6187,0.0363758,0.401422,59035
6188,0.0368138,0.391246,43489
6189,0.0382558,0.435946,27995
6190,0.0388868,0.316966,1903
6191,0.0703129,0.360967,38729
6192,0.0372405,0.186878,10983
6193,0.0365155,0.438694,29267
6194,0.0368579,0.405254,25685
6195,0.0538849,0.366975,48779
6196,0.0358789,0.42989,751
6197,0.0368397,0.374542,13226
6198,0.0369699,0.329486,54663
6199,0.0356442,0.447238,2940
6200,0.0362561,0.384378,58245
6201,0.0370174,0.366811,30807
6202,0.0363496,0.205813,32085
6203,0.0363858,0.419599,34917
6204,0.0361769,0.470032,31582
6205,0.0376085,0.47585,10829
6206,0.0372863,0.380915,21093
6207,0.0367985,0.251004,43413
6208,0.03605,0.359507,47170
6209,0.0361961,0.339266,43363
6210,0.0372767,0.459858,12535
6211,0.0367643,0.336641,5563
6212,0.0377836,0.377097,39238
6213,0.037261,0.498015,4121
6214,0.0364156,0.34085,27949
6215,0.0356514,0.501049,59170
6216,0.0367332,0.40365,43189
6217,0.0368058,0.461609,13535
6218,0.037028,0.394828,4699
6219,0.0361913,0.352755,12974
6220,0.0378751,0.34789,30830
6221,0.0359485,0.320499,14977
6222,0.0362305,0.207971,6775
6223,0.0362233,0.373335,44573
6224,0.0368591,0.219009,52498
6225,0.0363144,0.501051,55969
6226,0.0369681,0.423129,25619
6227,0.0370449,0.529092,14368
6228,0.0365029,0.506478,37965
6229,0.0357681,0.328214,19799
6230,0.0382197,0.410207,57006
6231,0.0359587,0.257968,18179
6232,0.0358728,0.261344,25687
6233,0.0364607,0.290274,25045
6234,0.0366868,0.486482,21857
6235,0.0362976,0.343952,10507
6236,0.0372213,0.469537,20693
6237,0.0363828,0.399222,26299
6238,0.0359585,0.497101,39876
6239,0.0367688,0.256015,18863
6240,0.0368436,0.367542,16269
6241,0.0363413,0.319558,3269
6242,0.0548975,0.356728,11821
6243,0.0369001,0.499406,54365
6244,0.0367208,0.468646,13387
6245,0.0375566,0.390855,6573
6246,0.0364364,0.402681,52547
6247,0.0359417,0.386368,38775
6248,0.0369454,0.388934,47967
6249,0.0371904,0.347753,38279
6250,0.037812,0.399037,37252
6251,0.0362421,0.398521,44587
6252,0.0363436,0.374768,28333
6253,0.0362063,0.348318,4551
6254,0.0362227,0.21402,25764
6255,0.0374882,0.43538,55341
6256,0.0363825,0.472016,10809
6257,0.0360016,0.398383,43233
6258,0.0370894,0.35387,6482
6259,0.0360579,0.344094,15198
6260,0.0365945,0.439238,1675
6261,0.0366796,0.29515,8981
6262,0.0367247,0.438617,13485
6263,0.0360534,0.373194,5565
6264,0.0375384,0.373682,4539
6265,0.0380215,0.343542,3477
6266,0.0385586,0.463952,12213
6267,0.0374317,0.329161,20277
6268,0.0374683,0.387563,33833
6269,0.0375399,0.34758,42011
6270,0.0377668,0.399741,49785
6271,0.0365908,0.451195,48520
6272,0.0364555,0.375165,42823
6273,0.0361858,0.540792,4125
6274,0.0370301,0.498323,2105
6275,0.0366422,0.309506,43329
6276,0.038051,0.189222,47935
6277,0.0356489,0.433557,55865
6278,0.0356799,0.267106,3373
6279,0.0365258,0.53629,16123
6280,0.0361992,0.297024,3160
6281,0.0358456,0.541892,49408
6282,0.036831,0.495171,53086
6283,0.037114,0.376153,881
6284,0.0359619,0.457628,43507
6285,0.035805,0.527822,35379
6286,0.0361358,0.313691,52617
6287,0.0367544,0.28953,59704
6288,0.0368928,0.34158,23093
6289,0.0358142,0.477268,36755
6290,0.0368154,0.451436,25671
6291,0.035969,0.523678,55755
6292,0.0361789,0.376983,44643
6293,0.0366443,0.330882,24389
6294,0.0367346,0.450735,8870
6295,0.0365974,0.355141,4454
6296,0.0378314,0.414771,33202
6297,0.037663,0.539404,6187
6298,0.0368902,0.309491,10843
6299,0.0370744,0.468913,44671
6300,0.0371863,0.477884,33833
6301,0.0365342,0.381815,59008
6302,0.0367551,0.37884,57259
6303,0.0376491,0.426392,19315
6304,0.0355067,0.478398,29162
6305,0.0368841,0.457243,42821
6306,0.0373213,0.273236,853
6307,0.0359395,0.311147,41851
6308,0.0361444,0.25386,40819
6309,0.0374799,0.347038,30352
6310,0.0362191,0.248981,24447
6311,0.0358462,0.473775,56055
6312,0.0364816,0.412781,459
6313,0.0542808,0.428993,9388
6314,0.0356411,0.509146,1997
6315,0.0368993,0.330003,32839
6316,0.0363242,0.336514,4298
6317,0.0365197,0.506799,28341
6318,0.0364545,0.303927,50163
6319,0.0364502,0.351761,30871
6320,0.035857,0.237706,50979
6321,0.0352674,0.458228,27472
6322,0.0529685,0.440173,31446
6323,0.0407888,0.501372,16571
6324,0.0380597,0.575102,59676
6325,0.0381722,0.357258,22107
6326,0.0371315,0.372424,22016
6327,0.0375295,0.46161,23048
6328,0.0369273,0.371526,48791
6329,0.0366485,0.191361,40098
6330,0.0359069,0.415859,56579
6331,0.0364613,0.452249,32319
6332,0.0365547,0.429827,1258
6333,0.0359168,0.460833,13262
6334,0.0369207,0.405665,16538
6335,0.0365102,0.415818,2612
6336,0.0372051,0.485363,36503
6337,0.0361398,0.454376,50315
6338,0.0364003,0.242962,32765
6339,0.0353676,0.414599,51409
6340,0.0364789,0.489508,40853
6341,0.0367351,0.555728,6401
6342,0.0360538,0.381566,3516
6343,0.0369173,0.438253,54593
6344,0.0364898,0.443004,14402
6345,0.0353042,0.470342,26340
6346,0.0364495,0.382612,32873
6347,0.0371713,0.58023,31168
6348,0.0359602,0.498651,45798
6349,0.0366331,0.41169,56053
6350,0.0369559,0.405937,9049
6351,0.0350563,0.388945,5692
6352,0.0364549,0.504721,56821
6353,0.0377993,0.444674,51523
6354,0.0370826,0.415453,21411
6355,0.0371844,0.357327,53543
6356,0.0361374,0.29988,58196
6357,0.0372215,0.471216,50744
6358,0.0361583,0.513744,14035
6359,0.0365751,0.584341,28093
6360,0.037192,0.44896,44562
6361,0.0364942,0.366975,9988
6362,0.0359935,0.44268,26217
6363,0.0368373,0.431134,10178
6364,0.0368882,0.388181,34395
6365,0.0369752,0.399742,28157
6366,0.0539369,0.342964,56521
6367,0.0359414,0.475493,27080
6368,0.0360347,0.492771,10035
6369,0.0371443,0.457895,47665
6370,0.0364593,0.465991,26831
6371,0.0361758,0.464986,40166
6372,0.0381578,0.471307,45286
6373,0.0360385,0.521695,22028
6374,0.0358904,0.222696,46930
6375,0.0371221,0.20874,27465
6376,0.03725,0.3869,22854
6377,0.0361565,0.472483,29964
6378,0.0367945,0.526158,34144
6379,0.0370785,0.435575,42794
6380,0.0363554,0.454052,25727
6381,0.0364322,0.377121,26831
6382,0.0385986,0.457505,31229
6383,0.0380728,0.350304,10564
6384,0.0551096,0.486906,48107
6385,0.0373791,0.578017,13262
6386,0.0364678,0.60594,38931
6387,0.0356864,0.381303,59008
6388,0.037293,0.415457,21113
6389,0.0368687,0.437011,23778
6390,0.036106,0.631819,6027
6391,0.0375737,0.656074,19463
6392,0.036513,0.548468,14122
6393,0.0355556,0.453484,33891
6394,0.0372449,0.354216,28055
6395,0.0362683,0.441575,34842
6396,0.0363118,0.438616,2206
6397,0.0366699,0.182359,41019
6398,0.0538769,0.449393,29044
6399,0.0356847,0.442296,19761
6400,0.0374389,0.519279,24636
6401,0.0710939,0.394449,26921
6402,0.0555372,0.465723,38376
6403,0.0369467,0.626455,21280
6404,0.0360908,0.459487,54593
6405,0.036118,0.478715,43139
6406,0.0370733,0.394132,8282
6407,0.03668,0.225417,30848
6408,0.0357542,0.231466,41029
6409,0.0373592,0.391869,49898
6410,0.0365336,0.464979,14474
6411,0.0373628,0.375107,32963
6412,0.0368762,0.445279,50479
6413,0.0359795,0.433765,5467
6414,0.0362569,0.426284,27963
6415,0.0373421,0.452529,10891
6416,0.0361173,0.485219,23624
6417,0.0369382,0.544575,11815
6418,0.0396564,0.609227,14043
6419,0.035923,0.22271,42666
6420,0.0362294,0.407213,18175
6421,0.0374568,0.554581,4400
6422,0.0364875,0.446053,24538
6423,0.0361912,0.433627,26595
6424,0.0363051,0.422173,26191
6425,0.0378191,0.530607,26372
6426,0.0361037,0.495134,49989
6427,0.0364687,0.385642,48962
6428,0.0373086,0.494005,42362
6429,0.0358214,0.358473,10363
6430,0.035717,0.206913,31169
6431,0.0369035,0.386111,2585
6432,0.0366977,0.449779,6601
6433,0.0362424,0.50788,28747
6434,0.0378339,0.438924,17969
6435,0.0367055,0.388427,9811
6436,0.0361813,0.354612,55235
6437,0.0363348,0.467809,1837
6438,0.0367935,0.175979,47985
6439,0.0365518,0.442771,44033
6440,0.0367626,0.39543,39181
6441,0.0380767,0.384126,40193
6442,0.0367175,0.337991,823
6443,0.0366221,0.351726,6379
6444,0.036354,0.384265,58265
6445,0.0359911,0.21034,3113
6446,0.0358659,0.401028,31267
6447,0.0366298,0.403476,46979
6448,0.0366501,0.433927,57371
6449,0.036612,0.387863,43187
6450,0.0367169,0.43338,18317
6451,0.0360456,0.353773,7070
6452,0.0356021,0.513677,34935
6453,0.0372691,0.478076,20377
6454,0.036203,0.283409,16083
6455,0.0355144,0.431439,43235
6456,0.0365198,0.1819,29807
6457,0.0370089,0.290003,9811
6458,0.0363809,0.440626,5723
6459,0.0356943,0.466227,43379
6460,0.0367013,0.540134,34823
6461,0.0543771,0.406964,4067
6462,0.0359141,0.461778,52637
6463,0.0365879,0.380187,10767
6464,0.0362694,0.467686,52511
6465,0.036189,0.463892,46979
6466,0.0372061,0.476009,31267
6467,0.0358781,0.426659,59803
6468,0.0362438,0.248331,5075
6469,0.0375064,0.514808,59896
6470,0.0360658,0.341433,47887
6471,0.0364682,0.399114,47879
6472,0.0352544,0.205577,2335
6473,0.0371136,0.293929,47815
6474,0.0360669,0.469827,38737
6475,0.0365026,0.455767,40719
6476,0.0373081,0.430043,52491
6477,0.0361427,0.417403,13792
6478,0.0350708,0.354593,17905
6479,0.0371129,0.39533,35119
6480,0.0360451,0.645448,42309
6481,0.0372137,0.466098,10423
6482,0.0381582,0.201319,33935
6483,0.0366386,0.451001,57489
6484,0.0356061,0.232732,20475
6485,0.0361744,0.433817,1749
6486,0.036058,0.481719,49649
6487,0.0363335,0.320078,42069
6488,0.0370265,0.467397,43415
6489,0.0535875,0.298142,47957
6490,0.0373617,0.39032,4393
6491,0.0378279,0.446934,42753
6492,0.0358056,0.491426,53115
6493,0.0359296,0.517543,823
6494,0.0361276,0.437981,10527
6495,0.0369493,0.587058,49545
6496,0.0365518,0.324923,39199
6497,0.0367914,0.394097,4293
6498,0.0375475,0.376269,17004
6499,0.0526531,0.439783,13059
6500,0.0387085,0.491554,44235
6501,0.0372159,0.424597,16229
6502,0.0361779,0.202367,397
6503,0.0364383,0.415167,34149
6504,0.0369176,0.512427,30571
6505,0.0361706,0.563532,15581
6506,0.0373652,0.281262,38709
6507,0.0372645,0.401408,46255
6508,0.0361132,0.378036,24891
6509,0.0365627,0.365811,16167
6510,0.0367092,0.347534,787
6511,0.0356839,0.511908,51091
6512,0.0365374,0.426117,19641
6513,0.0362628,0.466904,59896
6514,0.0366071,0.433054,47903
6515,0.0363076,0.241807,3113
6516,0.0379942,0.411418,53477
6517,0.0366288,0.533841,42070
6518,0.0361881,0.536742,16582
6519,0.0366475,0.409574,23777
6520,0.0371557,0.276144,34957
6521,0.0365652,0.501789,52889
6522,0.0359378,0.512625,3613
6523,0.0366084,0.533162,33893
6524,0.0360477,0.321579,10529
6525,0.036053,0.506016,15804
6526,0.0377788,0.536773,7855
6527,0.036132,0.24935,55955
6528,0.0364787,0.618689,673
6529,0.0370704,0.550065,16093
6530,0.0365576,0.592929,37066
6531,0.0358335,0.610205,44483
6532,0.0366303,0.636475,59487
6533,0.03745,0.223006,36928
6534,0.0379828,0.503541,13484
6535,0.0360925,0.552166,59315
6536,0.0382673,0.496337,11323
6537,0.0362798,0.476597,47622
6538,0.0364302,0.579788,881
6539,0.0374947,0.374205,58517
6540,0.0362476,0.340099,13260
6541,0.0362174,0.418642,15475
6542,0.0355865,0.636238,17355
6543,0.0368429,0.499295,44499
6544,0.0359338,0.510443,15444
6545,0.0366414,0.266432,43715
6546,0.0373088,0.635525,37950
6547,0.0372469,0.49956,31543
6548,0.0731746,0.555905,50301
6549,0.0719869,0.475595,241
6550,0.0373201,0.446943,12340
6551,0.0365056,0.548044,18252
6552,0.0364632,0.573498,59674
6553,0.0374541,0.622826,5047
6554,0.0364577,0.694672,619
6555,0.0377604,0.619232,48577
6556,0.0379626,0.339979,7149
6557,0.0561301,0.472903,10689
6558,0.0376426,0.743456,15441
6559,0.0374558,0.697121,7204
6560,0.0362056,0.743079,17152
6561,0.0357448,0.521478,26395
6562,0.0365363,0.568023,23994
6563,0.0371374,0.552069,17421
6564,0.0369603,0.681719,20378
6565,0.0372971,0.498393,33199
6566,0.0369262,0.474199,233
6567,0.0363318,0.518351,15169
6568,0.0369395,0.597227,33961
6569,0.037432,0.800581,9255
6570,0.0363317,0.704183,54655
6571,0.0366968,0.662612,57047
6572,0.0373226,0.612087,28516
6573,0.0359284,0.556222,54283
6574,0.0366196,0.750755,49139
6575,0.0366153,0.56799,30124
6576,0.0359544,0.725012,24434
6577,0.0363489,0.580442,52466
6578,0.0364435,0.578571,19079
6579,0.0359308,0.54813,29523
6580,0.0356852,0.577403,51491
6581,0.0364744,0.580264,47585
6582,0.0366567,0.449672,53157
6583,0.0359924,0.467364,35800
6584,0.036408,0.5216,35572
6585,0.0367523,0.438088,43137
6586,0.0360207,0.288642,25543
6587,0.0361024,0.450746,11413
6588,0.0377392,0.376632,12666
6589,0.0367265,0.379059,12165
6590,0.0365072,0.579547,8754
6591,0.0377245,0.504172,27415
6592,0.0364316,0.634058,53435
6593,0.036856,0.586653,32586
6594,0.054348,0.515217,15495
6595,0.0361586,0.534605,52583
6596,0.0363883,0.594112,48116
6597,0.0369429,0.602544,50278
6598,0.0383056,0.711773,42070
6599,0.0362442,0.667503,11937
6600,0.0370597,0.611772,53797
6601,0.0361672,0.255429,4953
6602,0.0364497,0.447557,32746
6603,0.0368421,0.60585,57922
6604,0.0372491,0.215214,18163
6605,0.0359403,0.599924,39577
6606,0.0372651,0.489549,44663
6607,0.0545237,0.594813,9169
6608,0.0359745,0.602481,22725
6609,0.0361042,0.46631,28106
6610,0.0370971,0.558619,31621
6611,0.0362801,0.495779,48659
6612,0.0364521,0.538182,16184
6613,0.0368558,0.59734,56231
6614,0.0354755,0.624167,20226
6615,0.0361994,0.601305,34466
6616,0.0573866,0.443802,11013
6617,0.0378779,0.532722,7519
6618,0.0371495,0.356244,28350
6619,0.0375319,0.434653,47337
6620,0.0364601,0.637026,26873
6621,0.0360367,0.518808,24151
6622,0.055152,0.324524,1703
6623,0.0362424,0.422902,32807
6624,0.0365477,0.532939,53480
6625,0.0366524,0.834104,54030
6626,0.0364287,0.506281,48508
6627,0.0361869,0.563862,34969
6628,0.0374082,0.475513,1942
6629,0.0358422,0.528429,9694
6630,0.0362066,0.43707,4531
6631,0.0373829,0.55715,37701
6632,0.0371164,0.652326,32532
6633,0.0353863,0.281368,7012
6634,0.0377475,0.174311,42098
6635,0.0360312,0.490817,3305
6636,0.0355411,0.604939,10730
6637,0.0372615,0.512286,6669
6638,0.0366248,0.51487,53797
6639,0.0360103,0.380149,8076
6640,0.0369715,0.343589,27058
6641,0.0382751,0.634321,26474
6642,0.036481,0.518837,59887
6643,0.035699,0.463098,43961
6644,0.0377981,0.248614,30757
6645,0.0355087,0.563125,27587
6646,0.0362126,0.55564,27047
6647,0.0371868,0.458519,16397
6648,0.0357361,0.384154,40060
6649,0.0357534,0.499393,51223
6650,0.0370169,0.516761,5559
6651,0.0368755,0.684136,30123
6652,0.0359472,0.236923,5644
6653,0.0361867,0.36617,17343
6654,0.0367386,0.6263,23147
6655,0.0360156,0.417896,44071
6656,0.0356646,0.400353,20341
6657,0.0372724,0.601222,51223
6658,0.0358452,0.399772,49547
6659,0.0355815,0.462854,24359
6660,0.0373428,0.469734,8317
6661,0.0364227,0.300252,35435
6662,0.0365635,0.59507,19187
6663,0.036899,0.307995,3081
6664,0.0365042,0.617679,5323
6665,0.0361248,0.559495,15031
6666,0.0363698,0.481792,40681
6667,0.0532411,0.449102,10463
6668,0.0388343,0.461291,17589
6669,0.0367999,0.567404,19095
6670,0.0370283,0.258057,22427
6671,0.0365024,0.42274,15357
6672,0.036547,0.400013,33253
6673,0.0363751,0.323696,12693
6674,0.035868,0.423926,505
6675,0.0374492,0.472642,43589
6676,0.0375867,0.551094,58183
6677,0.0364438,0.61802,37861
6678,0.035896,0.208552,28484
6679,0.0376572,0.327878,26272
6680,0.0374185,0.227707,8760
6681,0.0360845,0.646919,13317
6682,0.037011,0.384409,10199
6683,0.0359573,0.27468,59686
6684,0.0356684,0.356044,31589
6685,0.0357621,0.445557,42905
6686,0.0364349,0.606662,35521
6687,0.0363236,0.470431,7657
6688,0.0359773,0.263414,8895
6689,0.037093,0.490341,46415
6690,0.0362001,0.617773,44543
6691,0.0358883,0.536402,13575
6692,0.0367845,0.46565,41395
6693,0.0360417,0.523733,33397
6694,0.035971,0.372755,52107
6695,0.0370105,0.46393,35201
6696,0.0360319,0.361113,25173
6697,0.0360741,0.367232,30504
6698,0.0365342,0.604188,2357
6699,0.0364816,0.468109,33083
6700,0.0361826,0.667475,53205
6701,0.036529,0.358449,48299
6702,0.0369007,0.210424,20803
6703,0.0361802,0.369665,12911
6704,0.0360525,0.372851,12483
6705,0.0365294,0.482661,33915
6706,0.0360649,0.525214,35287
6707,0.0362384,0.322247,49401
6708,0.0559859,0.296599,40603
6709,0.0360967,0.469795,17407
6710,0.0360759,0.382683,12179
6711,0.0377086,0.338864,23067
6712,0.0362204,0.241048,8373
6713,0.0370836,0.480225,11033
6714,0.0365196,0.429192,54735
6715,0.0360758,0.417625,23017
6716,0.0362268,0.546195,13237
6717,0.0366412,0.311745,841
6718,0.0369699,0.383003,13893
6719,0.0360369,0.354699,56181
6720,0.0357897,0.232165,12261
6721,0.0363891,0.595069,45047
6722,0.0361499,0.5115,5173
6723,0.0366756,0.50061,4075
6724,0.0366064,0.372954,40603
6725,0.0365844,0.596809,41611
6726,0.0367634,0.192049,27896
6727,0.0376971,0.351428,50955
6728,0.0371425,0.536344,19175
6729,0.0362094,0.185883,5271
6730,0.0358627,0.408945,49491
6731,0.0358925,0.345715,59293
6732,0.0361277,0.551946,4509
6733,0.0365322,0.261578,11279
6734,0.0368648,0.482148,57537
6735,0.0376189,0.573861,22773
6736,0.03752,0.4265,48445
6737,0.0369713,0.430927,13183
6738,0.0362473,0.496196,19389
6739,0.0366592,0.497791,35459
6740,0.0367837,0.48306,12127
6741,0.03618,0.367124,49491
6742,0.0355006,0.555515,49127
6743,0.037449,0.353153,12365
6744,0.0366405,0.49834,24347
6745,0.0365828,0.436219,35349
6746,0.0365088,0.641311,41462
6747,0.0358534,0.405798,40585
6748,0.0358421,0.250727,32167
6749,0.0365966,0.481109,14576
6750,0.0365225,0.3844,12653
6751,0.0362939,0.220702,4225
6752,0.036848,0.27344,39243
6753,0.0371122,0.377739,24529
6754,0.0365594,0.518999,43831
6755,0.0360225,0.460709,13187
6756,0.036949,0.399596,13187
6757,0.036765,0.202789,47075
6758,0.0363412,0.232628,42197
6759,0.0366833,0.481723,28919
6760,0.0361131,0.356697,24529
6761,0.0355348,0.50584,40493
6762,0.0382868,0.350262,39449
6763,0.0363679,0.500126,14275
6764,0.0372391,0.392184,34897
6765,0.0362612,0.626779,17237
6766,0.0365876,0.320145,42111
6767,0.0358508,0.441488,45340
6768,0.0362274,0.371245,12273
6769,0.0368038,0.529663,2484
6770,0.0361972,0.325493,6619
6771,0.0356312,0.366068,39353
6772,0.0536492,0.378203,5501
6773,0.0370632,0.413116,10957
6774,0.0357009,0.369862,59754
6775,0.0359683,0.585088,37313
6776,0.0357178,0.465311,3225
6777,0.0359891,0.396245,36703
6778,0.0376131,0.335128,51329
6779,0.0362647,0.316447,22949
6780,0.0364155,0.436401,44213
6781,0.0543103,0.371847,22917
6782,0.0357303,0.426383,12547
6783,0.0567338,0.415057,12929
6784,0.0722197,0.395328,41239
6785,0.0361002,0.723206,24491
6786,0.0367974,0.358033,6245
6787,0.0364501,0.321531,14294
6788,0.0364294,0.600842,6501
6789,0.0374458,0.210468,38545
6790,0.0365836,0.456247,48579
6791,0.0355964,0.401316,32197
6792,0.0378871,0.409759,53153
6793,0.0373962,0.376506,32239
6794,0.0367151,0.513393,10511
6795,0.0364974,0.364654,49459
6796,0.0369634,0.60106,37861
6797,0.036834,0.508576,59355
6798,0.0361218,0.404878,4892
6799,0.0369697,0.25928,1910
6800,0.0366745,0.53217,1609
6801,0.0365763,0.48563,40818
6802,0.0388676,0.553863,22028
6803,0.0359751,0.458066,25711
6804,0.0359066,0.355111,15370
6805,0.0371985,0.340056,30936
6806,0.03631,0.529663,25686
6807,0.0361895,0.452625,34489
6808,0.036774,0.425687,16306
6809,0.0361018,0.247146,18116
6810,0.0361799,0.549372,43122
6811,0.0374277,0.462542,23517
6812,0.0361923,0.479666,19026
6813,0.0360664,0.533408,23317
6814,0.0367678,0.378278,49959
6815,0.0369576,0.381369,40214
6816,0.0362664,0.501682,50790
6817,0.0369096,0.539957,31896
6818,0.0364556,0.457681,9691
6819,0.0356193,0.183193,31894
6820,0.0362833,0.419724,32949
6821,0.036907,0.4941,38867
6822,0.0360425,0.44529,28393
6823,0.0359871,0.490386,5363
6824,0.0366071,0.313736,41442
6825,0.0371798,0.305548,32941
6826,0.0361893,0.522466,13934
6827,0.0362596,0.531108,7264
6828,0.0366408,0.510175,50474
6829,0.0363577,0.260606,36968
6830,0.0358548,0.42912,9214
6831,0.0374306,0.467028,14646
6832,0.0362013,0.503504,32488
6833,0.0360692,0.360219,29262
6834,0.0382943,0.420667,39382
6835,0.0368809,0.498085,48176
6836,0.0364968,0.437375,4914
6837,0.0375716,0.314759,26051
6838,0.0359543,0.397851,55811
6839,0.0363959,0.375497,15158
6840,0.0352827,0.496201,8700
6841,0.0375485,0.434683,45695
6842,0.0364943,0.418223,53318
6843,0.036495,0.417643,7664
6844,0.0379053,0.558158,360
6845,0.0359287,0.257373,25639
6846,0.0370737,0.467626,32569
6847,0.0375149,0.510116,18575
6848,0.0362204,0.190784,41019
6849,0.0361612,0.464475,43122
6850,0.0380448,0.459884,48544
6851,0.0370578,0.563944,33777
6852,0.0383945,0.313113,39586
6853,0.0391341,0.391431,38534
6854,0.0370296,0.589021,58164
6855,0.0362531,0.446893,56653
6856,0.0363934,0.404931,57344
6857,0.0372921,0.458326,6856
6858,0.0353113,0.379156,2095
6859,0.0371456,0.445263,48962
6860,0.0360792,0.482903,48449
6861,0.0360603,0.409575,35771
6862,0.0360993,0.436448,28626
6863,0.0370312,0.428228,11454
6864,0.0359708,0.483815,8148
6865,0.0358809,0.412919,46451
6866,0.0381979,0.477012,25679
6867,0.036165,0.45818,22418
6868,0.0365213,0.201951,36928
6869,0.0359525,0.169059,41019
6870,0.036454,0.45685,7416
6871,0.0363619,0.358316,16420
6872,0.0364924,0.534519,51652
6873,0.0375485,0.425936,6286
6874,0.0737908,0.327325,33571
6875,0.0382648,0.312812,56925
6876,0.0365003,0.5171,38867
6877,0.035888,0.370482,24034
6878,0.0382177,0.535742,14458
6879,0.035499,0.439818,7888
6880,0.0365382,0.468018,28918
6881,0.0381239,0.371631,19481
6882,0.0361646,0.450095,26053
6883,0.0361695,0.602069,27501
6884,0.0369197,0.464485,21039
6885,0.0369294,0.555642,56917
6886,0.0358954,0.407601,16737
6887,0.0369139,0.413758,30277
6888,0.0393998,0.377141,48381
6889,0.0369312,0.438678,49377
6890,0.0362587,0.422459,46451
6891,0.0379158,0.218801,40973
6892,0.0355767,0.33496,16306
6893,0.0361927,0.485732,20087
6894,0.0372249,0.473859,50729
6895,0.03574,0.410991,26703
6896,0.0356885,0.383974,41190
6897,0.0371129,0.536541,48138
6898,0.0363631,0.514183,32270
6899,0.0367257,0.514904,47944
6900,0.0378083,0.456479,17867
6901,0.0377048,0.230859,16062
6902,0.0371609,0.209153,18912
6903,0.0367031,0.412957,4503
6904,0.0368395,0.501729,48081
6905,0.0357342,0.425339,26663
6906,0.0355494,0.660099,39627
6907,0.0359896,0.50072,49627
6908,0.0357148,0.478154,42641
6909,0.0359473,0.561845,5378
6910,0.0372832,0.494773,39172
6911,0.0386263,0.487096,39046
6912,0.0380609,0.522347,18972
6913,0.0382258,0.212945,29088
6914,0.0376962,0.465628,48130
6915,0.037807,0.477875,30361
6916,0.0549156,0.378331,42564
6917,0.036398,0.1728,34359
6918,0.0370371,0.416144,8094
6919,0.0381008,0.502217,52034
6920,0.0356694,0.435105,43122
6921,0.0364772,0.39167,36022
6922,0.0370121,0.538788,17867
6923,0.0356872,0.373814,44606
6924,0.0361814,0.481258,45325
6925,0.0364934,0.437912,56857
6926,0.0374739,0.509426,33564
6927,0.0359985,0.33331,44606
6928,0.0364716,0.199702,44529
6929,0.0375436,0.532338,36753
6930,0.0365147,0.452474,9230
6931,0.0367594,0.380231,3235
6932,0.0542043,0.443127,55229
6933,0.0352555,0.364356,5385
6934,0.0359245,0.380419,53702
6935,0.0361703,0.390335,4609
6936,0.0538488,0.32863,34347
6937,0.036763,0.350646,46479
6938,0.0364182,0.201135,32718
6939,0.0373624,0.437144,35347
6940,0.0366188,0.510278,56975
6941,0.0377314,0.395858,55605
6942,0.0366537,0.482856,17951
6943,0.0367034,0.330976,3207
6944,0.0366895,0.420913,15087
6945,0.0355631,0.428713,39419
6946,0.0356663,0.383776,18015
6947,0.03828,0.333493,9047
6948,0.036028,0.189107,10983
6949,0.0359422,0.37486,12129
6950,0.0366051,0.413061,13161
6951,0.0368529,0.406114,59020
6952,0.036155,0.40072,36683
6953,0.0369291,0.3265,29399
6954,0.0368936,0.444504,47071
6955,0.0365789,0.418734,19591
6956,0.0366578,0.363644,55347
6957,0.0367644,0.40781,20377
6958,0.0360475,0.432639,6275
6959,0.0375818,0.321999,10564
6960,0.0530875,0.301611,21871
6961,0.0360384,0.249555,25414
6962,0.0357062,0.370775,28505
6963,0.0368213,0.224197,29333
6964,0.0358481,0.439496,55823
6965,0.0359775,0.477057,55349
6966,0.0380572,0.411209,26375
6967,0.0363258,0.424263,43120
6968,0.0366826,0.338349,39243
6969,0.0371635,0.204219,56057
6970,0.0380101,0.363616,48185
6971,0.0361326,0.498706,11974
6972,0.0370019,0.445505,26145
6973,0.0369104,0.445219,1921
6974,0.0361408,0.37863,12105
6975,0.036988,0.459237,5173
6976,0.0364095,0.196075,52359
6977,0.0362488,0.433831,36787
6978,0.0361118,0.325947,39119
6979,0.0371668,0.347296,14153
6980,0.036622,0.394968,10857
6981,0.0364595,0.571034,1955
6982,0.0358399,0.444411,5471
6983,0.036664,0.434966,12654
6984,0.0364687,0.367412,35002
6985,0.0368133,0.373028,20561
6986,0.0366338,0.380372,47071
6987,0.0361134,0.281825,39205
6988,0.0351633,0.44262,36162
6989,0.037261,0.467111,381
6990,0.0365673,0.491162,54521
6991,0.0365903,0.413982,57489
6992,0.0364415,0.312897,40783
6993,0.0362192,0.371522,49089
6994,0.0355147,0.372735,56629
6995,0.0377633,0.450495,34953
6996,0.036205,0.445786,29346
6997,0.0362015,0.378679,6483
6998,0.0379899,0.400866,36771
6999,0.0361422,0.357928,46786
7000,0.0364838,0.211676,53891
7001,0.0361281,0.575818,24269
7002,0.0363728,0.493716,18341
7003,0.036474,0.506763,55755
7004,0.0361912,0.435547,29627
7005,0.0367144,0.202936,33183
7006,0.0356985,0.406245,52563
7007,0.0359484,0.422627,35023
7008,0.0378079,0.410918,40250
7009,0.036333,0.407781,11419
7010,0.0359567,0.48481,55715
7011,0.0374772,0.459078,55407
7012,0.0358536,0.423001,19391
7013,0.0361393,0.431841,381
7014,0.0367334,0.17796,46823
7015,0.0366913,0.455758,37143
7016,0.0367257,0.42515,9076
7017,0.0361918,0.397045,48879
7018,0.0358429,0.446646,1955
7019,0.0365498,0.221499,28069
7020,0.0359543,0.327077,25505
7021,0.0374162,0.315135,1229
7022,0.0716246,0.383859,6055
7023,0.0554801,0.235931,6395
7024,0.0365937,0.402586,21176
7025,0.03661,0.319382,52635
7026,0.0368716,0.453444,49147
7027,0.0378628,0.498023,35309
7028,0.0376401,0.534936,25155
7029,0.0368152,0.448344,29293
7030,0.0360992,0.381429,49758
7031,0.035705,0.413632,47997
7032,0.0364251,0.402837,31996
7033,0.0375169,0.356113,47708
7034,0.0374165,0.37871,10561
7035,0.0390563,0.457533,31168
7036,0.0359445,0.407716,53927
7037,0.0370609,0.393623,39220
7038,0.0362126,0.458931,23720
7039,0.0381652,0.34067,55379
7040,0.0360888,0.483259,39215
7041,0.035955,0.401153,20189
7042,0.0547532,0.370644,2153
7043,0.0372682,0.436833,13429
7044,0.0370526,0.386731,30756
7045,0.0362858,0.368907,2439
7046,0.0364462,0.391004,34734
7047,0.0360012,0.376709,2451
7048,0.0371482,0.206368,44679
7049,0.0358545,0.477399,40825
7050,0.0359622,0.337789,12411
7051,0.0365184,0.394462,13375
7052,0.0362475,0.375337,39233
7053,0.0357477,0.214132,7404
7054,0.0365442,0.48108,19737
7055,0.0368791,0.478227,47329
7056,0.0357388,0.435961,21655
7057,0.0358935,0.331585,37066
7058,0.0363446,0.372747,59853
7059,0.0362363,0.264456,20723
7060,0.0377308,0.396044,23631
7061,0.0377225,0.449652,34668
7062,0.0350691,0.482665,34244
7063,0.0371363,0.20006,29375
7064,0.0385533,0.557526,45085
7065,0.0360789,0.424822,33875
7066,0.0361906,0.424242,48595
7067,0.0366901,0.417467,28356
7068,0.0359552,0.356204,43735
7069,0.0361911,0.278711,51205
7070,0.0368946,0.516826,8313
7071,0.0368188,0.394898,36793
7072,0.0363893,0.394283,20371
7073,0.0367255,0.195705,10416
7074,0.0374796,0.552511,13484
7075,0.036268,0.482359,13531
7076,0.0358945,0.412122,39287
7077,0.0369452,0.351766,32582
7078,0.0359855,0.32973,16538
7079,0.0361692,0.345714,11421
7080,0.0364874,0.375313,18967
7081,0.0358403,0.4064,35233
7082,0.0354475,0.305131,25705
7083,0.0375836,0.410348,17694
7084,0.0365321,0.367252,42185
7085,0.0364198,0.469065,11323
7086,0.0365066,0.332843,52629
7087,0.0380775,0.228353,21173
7088,0.0371018,0.362551,48787
7089,0.036524,0.469755,59829
7090,0.0370792,0.573564,20186
7091,0.0366081,0.214145,315
7092,0.0368134,0.440621,45025
7093,0.0374636,0.456011,58628
7094,0.0356329,0.419535,26397
7095,0.0357867,0.37283,13437
7096,0.0362154,0.382353,45025
7097,0.0360108,0.488561,22569
7098,0.0375863,0.340506,15895
7099,0.0372469,0.43229,25228
7100,0.0369714,0.530838,35443
7101,0.0369248,0.473431,13634
7102,0.0364117,0.416345,6483
7103,0.036316,0.412404,18155
7104,0.0357874,0.44782,53586
7105,0.0357798,0.348262,49347
7106,0.0366052,0.359359,31215
7107,0.0364742,0.397379,47398
7108,0.036099,0.529232,39400
7109,0.0378906,0.384899,36656
7110,0.0364394,0.32107,6373
7111,0.0358847,0.308039,20723
7112,0.0365788,0.323289,40115
7113,0.035898,0.285241,51295
7114,0.0361513,0.407189,51391
7115,0.0359206,0.557517,58821
7116,0.0361976,0.375738,51109
7117,0.0373459,0.615218,33331
7118,0.0360138,0.382914,11385
7119,0.0370313,0.466289,27078
7120,0.0365395,0.486033,54837
7121,0.0357039,0.463126,8525
7122,0.037923,0.425373,48301
7123,0.035916,0.180422,37061
7124,0.0354169,0.235897,58524
7125,0.038802,0.458485,33119
7126,0.0358989,0.389489,5763
7127,0.0358113,0.451358,18775
7128,0.036945,0.397749,40063
7129,0.0365796,0.354951,4027
7130,0.0366037,0.57543,9141
7131,0.0373132,0.45485,55321
7132,0.0371008,0.416944,5459
7133,0.0360541,0.291567,45083
7134,0.0352725,0.444854,15358
7135,0.0378595,0.58873,13693
7136,0.0364498,0.326325,10681
7137,0.0361128,0.418989,16464
7138,0.0370873,0.245188,35565
7139,0.0354031,0.322401,4027
7140,0.0360842,0.482866,56974
7141,0.036356,0.285521,41851
7142,0.0364594,0.431555,51050
7143,0.036604,0.467111,45103
7144,0.0364858,0.343283,36479
7145,0.0361488,0.343519,42928
7146,0.0362015,0.395783,18967
7147,0.0380571,0.401063,31047
7148,0.0381777,0.365159,28753
7149,0.0364879,0.305358,12659
7150,0.035978,0.203578,19339
7151,0.0372372,0.447933,45906
7152,0.0361615,0.404468,5231
7153,0.0357884,0.440208,12915
7154,0.0368848,0.427963,12263
7155,0.0363523,0.449563,579
7156,0.0366537,0.50207,45958
7157,0.0368391,0.449515,3435
7158,0.0366075,0.363459,5413
7159,0.0362336,0.31703,421
7160,0.0354605,0.529147,42252
7161,0.0363304,0.343407,43915
7162,0.036208,0.344688,34989
7163,0.0363162,0.467936,26011
7164,0.038165,0.398798,8303
7165,0.0359155,0.194458,45743
7166,0.0357688,0.31163,18821
7167,0.0364588,0.199669,56057
7168,0.036479,0.313836,42091
7169,0.0364272,0.451253,59020
7170,0.0369084,0.433222,54258
7171,0.0360665,0.202846,8373
7172,0.0363825,0.298977,53007
7173,0.0372435,0.23675,49087
7174,0.0377336,0.376508,38995
7175,0.0359474,0.475925,35934
7176,0.036281,0.220189,7429
7177,0.0374046,0.5062,20680
7178,0.0357698,0.631774,11025
7179,0.0359309,0.456206,126
7180,0.037212,0.396332,45637
7181,0.0364728,0.505555,38063
7182,0.0535062,0.441299,49432
7183,0.0375141,0.261291,32358
7184,0.0377751,0.605607,54456
7185,0.0356832,0.500553,9140
7186,0.0378017,0.545208,23529
7187,0.0366385,0.428473,16213
7188,0.0367136,0.400666,47932
7189,0.0543512,0.379445,10077
7190,0.0357978,0.578107,24858
7191,0.0358239,0.301317,40769
7192,0.0358894,0.596863,15263
7193,0.036794,0.578935,5605
7194,0.0360693,0.502204,23587
7195,0.0365486,0.563336,24473
7196,0.0374552,0.519163,28997
7197,0.0365322,0.485517,39813
7198,0.0374776,0.619794,13869
7199,0.0376368,0.363772,15079
7200,0.0373701,0.45876,57745
7201,0.0374907,0.414923,16464
7202,0.0361965,0.512584,4985
7203,0.0361657,0.31747,17905
7204,0.0359499,0.433047,59710
7205,0.0371444,0.505973,5509
7206,0.055288,0.435731,32191
7207,0.0373931,0.468086,5207
7208,0.0372106,0.573124,38249
7209,0.0360657,0.412954,43320
7210,0.0361211,0.428237,62
7211,0.0367786,0.541862,52111
7212,0.0365316,0.541206,28454
7213,0.0358129,0.610102,20555
7214,0.0364782,0.522656,42777
7215,0.0358836,0.495598,21129
7216,0.036249,0.687337,25159
7217,0.0369172,0.235499,475
7218,0.0367334,0.535234,28683
7219,0.0358551,0.411652,47485
7220,0.0367105,0.563141,4147
7221,0.0367953,0.345098,29364
7222,0.0368269,0.476735,25245
7223,0.036585,0.274146,36037
7224,0.0555885,0.429403,33375
7225,0.0355962,0.421802,10352
7226,0.0367655,0.247062,52616
7227,0.0360382,0.288457,58699
7228,0.0364943,0.212191,46029
7229,0.0361648,0.542722,14369
7230,0.0364392,0.380978,7059
7231,0.0354611,0.358011,51733
7232,0.0357209,0.270967,13372
7233,0.0388792,0.742382,47651
7234,0.0358576,0.421006,20191
7235,0.0374716,0.616601,3300
7236,0.0398256,0.374861,59080
7237,0.0368707,0.472334,41256
7238,0.0367693,0.451579,9885
7239,0.0375967,0.379423,59752
7240,0.0368727,0.601318,6169
7241,0.0367593,0.514864,879
7242,0.0378997,0.412559,28677
7243,0.0371657,0.445307,2453
7244,0.0370114,0.432231,9861
7245,0.0372132,0.525722,37825
7246,0.037899,0.387959,59695
7247,0.0370348,0.287763,19029
7248,0.0374303,0.480117,8122
7249,0.0370663,0.681176,12497
7250,0.0362544,0.466975,17189
7251,0.0363654,0.447877,19531
7252,0.0369059,0.661027,21156
7253,0.0356404,0.256494,32133
7254,0.0355942,0.381743,17317
7255,0.036851,0.333484,57067
7256,0.0547597,0.405088,10387
7257,0.0357022,0.502298,49673
7258,0.0373818,0.435504,37037
7259,0.0367923,0.599611,35383
7260,0.0358621,0.453591,7059
7261,0.0370188,0.357021,42081
7262,0.0369933,0.306356,37782
7263,0.0361785,0.348409,8355
7264,0.0556781,0.517504,16157
7265,0.0541922,0.596388,44343
7266,0.0380911,0.547374,54033
7267,0.0365496,0.475766,23571
7268,0.0364925,0.491785,40397
7269,0.0367575,0.316205,18794
7270,0.0368068,0.162044,40999
7271,0.0353427,0.50819,33727
7272,0.0351176,0.398933,18155
7273,0.0379124,0.405086,6674
7274,0.03605,0.522796,42910
7275,0.0361494,0.347727,17788
7276,0.0377969,0.390604,35580
7277,0.0366314,0.437085,56867
7278,0.0357944,0.323834,10819
7279,0.0374643,0.417065,26139
7280,0.036684,0.191632,47668
7281,0.036369,0.467928,684
7282,0.0365724,0.417708,19465
7283,0.0377493,0.475854,25479
7284,0.0360959,0.375593,14251
7285,0.0363332,0.323575,29331
7286,0.0371138,0.321598,54663
7287,0.0366587,0.388722,55868
7288,0.0387249,0.362303,22678
7289,0.0378291,0.304052,47797
7290,0.0377436,0.179642,16325
7291,0.0378375,0.494787,37063
7292,0.0376504,0.410091,52917
7293,0.0361503,0.444242,30908
7294,0.0368319,0.471969,24107
7295,0.0359219,0.321365,29441
7296,0.0370129,0.320375,52301
7297,0.0366305,0.394069,8391
7298,0.0366544,0.298522,18251
7299,0.0374672,0.173935,32718
7300,0.0365104,0.329586,44573
7301,0.0365929,0.473499,56445
7302,0.0555732,0.405319,33424
7303,0.0367696,0.190117,42404
7304,0.0367629,0.498212,21976
7305,0.0380974,0.305987,55039
7306,0.0359353,0.433838,1991
7307,0.037528,0.337981,54643
7308,0.0365631,0.429285,48443
7309,0.035536,0.422588,1193
7310,0.0366078,0.345046,6257
7311,0.0368899,0.441891,55341
7312,0.0367311,0.363197,20610
7313,0.036518,0.38768,4669
7314,0.0368493,0.364996,29527
7315,0.0366587,0.44458,23237
7316,0.0375562,0.377946,36641
7317,0.0363004,0.346264,39615
7318,0.0364287,0.3179,19437
7319,0.0358565,0.24211,28063
7320,0.036412,0.306622,36613
7321,0.0368671,0.404237,55769
7322,0.0361331,0.331081,22902
7323,0.0371433,0.212285,46915
7324,0.0381062,0.361391,23237
7325,0.0371166,0.259204,25749
7326,0.0355655,0.355185,20561
7327,0.037322,0.394022,51275
7328,0.0497469,0.378946,1385
7329,0.0357091,0.357039,36723
7330,0.0381367,0.308008,39615
7331,0.0363789,0.38065,47891
7332,0.0359739,0.434008,48514
7333,0.0382325,0.457802,39641
7334,0.036249,0.296944,20477
7335,0.0353878,0.318129,29331
7336,0.0368869,0.374722,50439
7337,0.0367178,0.323947,19645
7338,0.0366088,0.49569,34694
7339,0.0367042,0.46335,1237
7340,0.0390707,0.23774,26335
7341,0.0353241,0.380543,51604
7342,0.0360857,0.325139,6357
7343,0.0375805,0.301308,32111
7344,0.0357983,0.214484,25687
7345,0.0368603,0.458337,45342
7346,0.0369776,0.316992,8577
7347,0.0363391,0.293563,36211
7348,0.0359327,0.487887,16449
7349,0.0370245,0.485881,28059
7350,0.0371365,0.429053,52917
7351,0.0363808,0.447939,2395
7352,0.0370873,0.50896,21583
7353,0.0361177,0.198358,40071
7354,0.0350798,0.408901,8387
7355,0.0372713,0.292728,7943
7356,0.0369491,0.358169,42177
7357,0.037217,0.360438,20879
7358,0.0368328,0.276506,10813
7359,0.0371499,0.45697,25617
7360,0.0370008,0.304841,55369
7361,0.0370562,0.415951,53078
7362,0.0371096,0.341634,7017
7363,0.0363985,0.380529,48815
7364,0.0364767,0.473817,37151
7365,0.0372605,0.453107,42073
7366,0.0365695,0.424799,8657
7367,0.0365103,0.337056,33945
7368,0.0365774,0.319373,11071
7369,0.0551441,0.376525,36677
7370,0.0354584,0.457324,32400
7371,0.0374464,0.414444,19223
7372,0.0369907,0.480652,23065
7373,0.0377647,0.249511,39541
7374,0.03651,0.369331,24787
7375,0.0373624,0.284009,795
7376,0.0366072,0.420913,54791
7377,0.0363594,0.368767,40063
7378,0.0353616,0.419065,13301
7379,0.0375572,0.391465,29306
7380,0.0363722,0.352994,48171
7381,0.0364731,0.336561,19485
7382,0.0364197,0.342938,39657
7383,0.037898,0.331267,47967
7384,0.0395171,0.351466,10857
7385,0.0363767,0.331893,28325
7386,0.0361085,0.441109,59855
7387,0.0376576,0.351502,36665
7388,0.037336,0.447123,36695
7389,0.0367047,0.385831,8577
7390,0.0365033,0.327476,42177
7391,0.0361784,0.44057,54791
7392,0.0363069,0.291189,44708
7393,0.0376286,0.416474,23065
7394,0.0361458,0.539395,17991
7395,0.0368877,0.235413,55173
7396,0.0391161,0.405708,55133
7397,0.0515093,0.401985,36695
7398,0.0370831,0.459821,30105
7399,0.0381748,0.235867,5571
7400,0.0357644,0.619306,8993
7401,0.0358571,0.663337,46923
7402,0.0360172,0.602179,44275
7403,0.0378703,0.548828,1978
7404,0.0364705,0.445199,3109
7405,0.0357389,0.345877,32153
7406,0.0381347,0.504686,477
7407,0.0368491,0.550064,29675
7408,0.0363422,0.595923,30113
7409,0.0372943,0.417597,23893
7410,0.0363077,0.668182,59680
7411,0.0365566,0.243582,43249
7412,0.0380231,0.555137,48598
7413,0.0360597,0.605294,16863
7414,0.0360072,0.506153,45222
7415,0.036658,0.407633,151
7416,0.0366698,0.389167,56017
7417,0.0373524,0.597882,15640
7418,0.0374751,0.257218,24355
7419,0.0365802,0.355398,30549
7420,0.0364197,0.539119,52755
7421,0.0370883,0.465283,25279
7422,0.0372472,0.250989,37337
7423,0.0365723,0.498823,3455
7424,0.0364798,0.178276,961
7425,0.0369044,0.450534,59614
7426,0.0358868,0.494082,35693
7427,0.0358435,0.510476,51269
7428,0.0372706,0.435367,44041
7429,0.0364562,0.516343,17321
7430,0.0363766,0.598744,14609
7431,0.0366957,0.494875,29104
7432,0.0362627,0.591028,45901
7433,0.0363004,0.553776,41529
7434,0.0351905,0.630841,22607
7435,0.037966,0.480137,17341
7436,0.0358458,0.402137,50087
7437,0.0363355,0.55684,41847
7438,0.0544574,0.507862,3245
7439,0.0352956,0.387291,13665
7440,0.0356424,0.367182,9463
7441,0.0382828,0.507602,1493
7442,0.0379974,0.208213,30053
7443,0.039118,0.459407,49347
7444,0.0368619,0.634907,11355
7445,0.0361653,0.417484,44141
7446,0.0365047,0.455035,22436
7447,0.0376085,0.343468,44389
7448,0.0360042,0.549415,29037
7449,0.0360078,0.336127,30119
7450,0.0378586,0.499968,1793
7451,0.0360724,0.762459,41387
7452,0.0358273,0.503698,59911
7453,0.0361284,0.215335,6851
7454,0.0365144,0.659961,39211
7455,0.0364447,0.514144,39178
7456,0.0362694,0.558812,34895
7457,0.0373165,0.522494,893
7458,0.0360055,0.436365,21647
7459,0.0360393,0.497599,13851
7460,0.0369666,0.332486,45192
7461,0.0367657,0.603696,59853
7462,0.0365314,0.536274,37369
7463,0.0370197,0.29598,44183
7464,0.0355758,0.417531,17297
7465,0.0354365,0.421258,57359
7466,0.0365785,0.365647,22435
7467,0.0369161,0.383623,53839
7468,0.035973,0.19482,46433
7469,0.0360757,0.540099,1447
7470,0.0365639,0.532548,4628
7471,0.0359432,0.532871,2465
7472,0.0359753,0.687729,15223
7473,0.0372546,0.551213,41377
7474,0.0366296,0.450885,12449
7475,0.0733127,0.53344,52559
7476,0.0743297,0.508727,6415
7477,0.036777,0.377946,54152
7478,0.0368645,0.540052,40088
7479,0.0370483,0.435575,35139
7480,0.0369939,0.232546,56149
7481,0.0367315,0.529772,29777
7482,0.0360293,0.558804,10464
7483,0.0353387,0.520064,35298
7484,0.0365544,0.470316,58971
7485,0.0360704,0.374652,43273
7486,0.0361563,0.466657,457
7487,0.0364844,0.474838,40667
7488,0.0363055,0.493188,57704
7489,0.0352489,0.431501,29935
7490,0.0363029,0.422333,19023
7491,0.035932,0.422238,30141
7492,0.0358716,0.626029,18395
7493,0.0491944,0.260001,57458
7494,0.0409119,0.598926,700
7495,0.0372705,0.375459,36971
7496,0.0533086,0.376992,24593
7497,0.0365093,0.542917,15603
7498,0.0382937,0.592061,40057
7499,0.0389166,0.398908,18777
7500,0.0392273,0.479445,26289
7501,0.0352139,0.447879,695
7502,0.0374809,0.489672,17275
7503,0.036083,0.551745,28177
7504,0.0360272,0.417668,38091
7505,0.0365467,0.464171,30127
7506,0.035832,0.342634,25005
7507,0.0354227,0.334537,9735
7508,0.036569,0.502626,13877
7509,0.0370429,0.373669,41619
7510,0.0366721,0.449836,55927
7511,0.03667,0.652231,41509
7512,0.0384226,0.385136,38643
7513,0.0360318,0.396676,19259
7514,0.0366214,0.523123,28226
7515,0.0387809,0.455953,28481
7516,0.0364198,0.327534,47953
7517,0.0364574,0.276369,2583
7518,0.0361113,0.460826,1550
7519,0.0364895,0.411372,28707
7520,0.0361826,0.430826,41531
7521,0.0357386,0.513633,899
7522,0.0358542,0.350127,10833
7523,0.0374903,0.426975,2609
7524,0.0359349,0.48801,28226
7525,0.0382053,0.35916,11603
7526,0.036304,0.289706,20877
7527,0.0370586,0.290889,38847
7528,0.0550134,0.512553,13877
7529,0.0355386,0.401454,32157
7530,0.0365379,0.564654,35003
7531,0.0371092,0.420629,19077
7532,0.0366992,0.33566,10879
7533,0.0364695,0.311965,59894
7534,0.0372913,0.466289,9852
7535,0.0371537,0.313428,43193
7536,0.0351651,0.361694,16501
7537,0.0366896,0.358161,57221
7538,0.0369123,0.394226,53137
7539,0.0365511,0.491663,24695
7540,0.0380167,0.436154,41869
7541,0.0359807,0.509404,44147
7542,0.035567,0.495842,899
7543,0.0359799,0.389855,1533
7544,0.0362403,0.355032,40000
7545,0.0358615,0.562971,44638
7546,0.0360432,0.371833,21605
7547,0.0373694,0.356189,3207
7548,0.0367641,0.376055,2607
7549,0.0361885,0.395902,16493
7550,0.0362702,0.431291,53141
7551,0.036421,0.396142,6317
7552,0.0359455,0.473505,13498
7553,0.0363037,0.423179,22118
7554,0.0363186,0.386079,675
7555,0.0360072,0.285398,56161
7556,0.0372649,0.247114,5075
7557,0.0375111,0.396268,52383
7558,0.0373128,0.353801,11887
7559,0.0527934,0.409214,54581
7560,0.0395883,0.442145,55981
7561,0.0358315,0.200061,20787
7562,0.0361781,0.314133,18021
7563,0.0367678,0.213696,41247
7564,0.0367466,0.401357,33085
7565,0.0358527,0.425667,33753
7566,0.0379207,0.329877,22949
7567,0.0361897,0.24734,22475
7568,0.0367428,0.510627,32281
7569,0.0378538,0.424722,25455
7570,0.0363442,0.531617,1262
7571,0.0352449,0.34988,28689
7572,0.0362147,0.483583,33047
7573,0.0371969,0.418474,1525
7574,0.0364341,0.547773,41125
7575,0.037044,0.373492,18815
7576,0.0366771,0.315026,18848
7577,0.0363911,0.380669,40623
7578,0.0362058,0.490515,41523
7579,0.037231,0.444449,39195
7580,0.0358174,0.460485,22947
7581,0.0363083,0.228932,47947
7582,0.0372173,0.187717,11917
7583,0.0370924,0.533084,53275
7584,0.0358443,0.364458,39257
7585,0.0368401,0.380589,147
7586,0.0365968,0.552426,25365
7587,0.0360691,0.4378,18891
7588,0.037118,0.461845,3359
7589,0.0371253,0.450662,31251
7590,0.0366943,0.412833,16427
7591,0.0371896,0.190117,38847
7592,0.0364755,0.36072,57246
7593,0.0361727,0.388697,13889
7594,0.036425,0.440532,26895
7595,0.0549442,0.560122,5875
7596,0.0357505,0.378451,5889
7597,0.0361916,0.525603,14454
7598,0.0368868,0.377733,35081
7599,0.036046,0.313441,42217
7600,0.0355477,0.192168,43151
7601,0.0363214,0.322577,52629
7602,0.0357212,0.539238,55909
7603,0.0357309,0.579151,11211
7604,0.0375397,0.504233,16058
7605,0.0364397,0.362052,43039
7606,0.0364598,0.394034,58299
7607,0.0376867,0.349168,2890
7608,0.0363212,0.30649,248
7609,0.0357687,0.549531,16760
7610,0.038151,0.542028,21930
7611,0.0367839,0.398749,39078
7612,0.0370159,0.469643,32750
7613,0.0368621,0.450874,52880
7614,0.0363728,0.459624,52786
7615,0.0363067,0.454887,18931
7616,0.0365261,0.366928,46176
7617,0.0373058,0.373689,23380
7618,0.0384044,0.232663,23142
7619,0.0380727,0.598538,47290
7620,0.037465,0.546838,56492
7621,0.0363847,0.468007,8768
7622,0.0360697,0.506159,32923
7623,0.0369145,0.518216,58552
7624,0.0364845,0.403859,44550
7625,0.0360024,0.297589,53924
7626,0.037693,0.25155,18444
7627,0.0365887,0.607456,45332
7628,0.0370956,0.48949,42545
7629,0.0362516,0.470849,30287
7630,0.0354719,0.467078,43506
7631,0.0364101,0.501838,34960
7632,0.0362507,0.376032,47117
7633,0.0371165,0.484261,56284
7634,0.0361118,0.46274,27876
7635,0.0363499,0.372977,20022
7636,0.037521,0.26401,35912
7637,0.0366789,0.64895,30054
7638,0.0364448,0.245557,32808
7639,0.0373077,0.406857,25145
7640,0.0354747,0.415759,45120
7641,0.0358512,0.42323,31115
7642,0.0365141,0.408172,34257
7643,0.0364733,0.618814,12978
7644,0.035814,0.51764,52676
7645,0.0366158,0.328207,32580
7646,0.0366041,0.373553,24962
7647,0.0365945,0.362501,58733
7648,0.0366006,0.408169,23141
7649,0.0368845,0.489078,16487
7650,0.0357291,0.326622,19658
7651,0.0360917,0.446953,7312
7652,0.0369164,0.480673,1695
7653,0.0360102,0.448584,25760
7654,0.0363064,0.391002,29762
7655,0.0359885,0.364474,52865
7656,0.0372698,0.443964,8882
7657,0.0373611,0.476106,37640
7658,0.036558,0.302644,30274
7659,0.0368229,0.431315,13348
7660,0.0367755,0.411178,42196
7661,0.0359795,0.284259,57830
7662,0.0370443,0.435752,26111
7663,0.036639,0.412519,15782
7664,0.035623,0.444253,6656
7665,0.0393435,0.279033,44158
7666,0.0364122,0.470413,56299
7667,0.03577,0.440503,23694
7668,0.0368677,0.557613,48188
7669,0.0357765,0.44998,36742
7670,0.036563,0.416224,26841
7671,0.0371278,0.460266,31785
7672,0.0373292,0.554969,8656
7673,0.0359855,0.484055,14562
7674,0.0359876,0.431085,21647
7675,0.0539219,0.46811,5432
7676,0.0354925,0.464131,37662
7677,0.0389243,0.302581,58890
7678,0.0386816,0.548363,27874
7679,0.0376813,0.605206,16028
7680,0.0371485,0.462791,18211
7681,0.0367325,0.41518,53830
7682,0.036303,0.392503,2099
7683,0.0369132,0.389086,37514
7684,0.0360312,0.393349,40941
7685,0.0367169,0.551655,37526
7686,0.0356511,0.164487,23954
7687,0.0539408,0.498099,10497
7688,0.035216,0.351402,13240
7689,0.0357229,0.567629,45573
7690,0.038065,0.537096,17288
7691,0.0361389,0.521665,27998
7692,0.0355934,0.509333,56616
7693,0.0374285,0.405225,17476
7694,0.036654,0.480651,30964
7695,0.0364898,0.440059,2612
7696,0.0549845,0.373753,54116
7697,0.0364787,0.396822,52328
7698,0.0368875,0.52152,51086
7699,0.0360397,0.351027,5244
7700,0.0363306,0.456848,44559
7701,0.0365809,0.40965,42030
7702,0.0374009,0.377792,41041
7703,0.0370266,0.349329,30948
7704,0.0368139,0.439428,1006
7705,0.0371474,0.38565,50034
7706,0.0375173,0.420554,36269
7707,0.0366189,0.353317,2331
7708,0.0364057,0.200409,39169
7709,0.0370899,0.484678,37549
7710,0.036241,0.533979,49248
7711,0.0718879,0.61536,1652
7712,0.0361324,0.47539,31646
7713,0.0360067,0.65001,41992
7714,0.0379401,0.552237,5434
7715,0.0361698,0.491377,49100
7716,0.0359165,0.632633,32146
7717,0.0360124,0.242555,7084
7718,0.0361011,0.600559,55766
7719,0.0360913,0.533453,39744
7720,0.0364764,0.523117,22079
7721,0.0365838,0.417606,24576
7722,0.0360682,0.257435,24135
7723,0.0356373,0.384848,16705
7724,0.0368558,0.640056,26461
7725,0.0359433,0.224008,45197
7726,0.0358902,0.474822,53327
7727,0.0373538,0.299638,6357
7728,0.0358974,0.249806,39661
7729,0.035629,0.417206,51151
7730,0.0367772,0.429475,33223
7731,0.0382629,0.476288,36795
7732,0.0362856,0.388243,37119
7733,0.0374504,0.292663,28552
7734,0.0383211,0.348999,33885
7735,0.0371226,0.313281,53028
7736,0.0373646,0.440666,7518
7737,0.0377708,0.287223,19547
7738,0.0360973,0.267756,6075
7739,0.0365805,0.439844,36209
7740,0.0363394,0.448237,48445
7741,0.0359539,0.406279,36733
7742,0.0363388,0.435081,42631
7743,0.0364442,0.336181,37231
7744,0.0359111,0.33964,35361
7745,0.0363319,0.44312,3657
7746,0.0367971,0.3425,8899
7747,0.0369577,0.329609,32383
7748,0.035536,0.276218,42719
7749,0.0363149,0.473734,55657
7750,0.0376269,0.477279,58983
7751,0.0363392,0.464755,51135
7752,0.0360135,0.442497,3575
7753,0.0363903,0.297822,19563
7754,0.036154,0.321557,21021
7755,0.036001,0.341068,14173
7756,0.0375616,0.381639,24285
7757,0.0361341,0.38649,39257
7758,0.0360785,0.318392,38192
7759,0.0369495,0.396717,36641
7760,0.0371342,0.301855,39133
7761,0.0374048,0.277251,16097
7762,0.0375499,0.429757,41197
7763,0.0376771,0.475751,19326
7764,0.0367879,0.485313,51225
7765,0.0366812,0.293684,39071
7766,0.0369192,0.369848,38943
7767,0.03656,0.394852,39109
7768,0.0363939,0.340126,33751
7769,0.0375798,0.308387,20389
7770,0.0364269,0.357322,39109
7771,0.0357582,0.434512,38811
7772,0.0369362,0.462719,6055
7773,0.0362785,0.433256,37187
7774,0.03593,0.452521,22060
7775,0.0359696,0.372526,36577
7776,0.0371826,0.363263,44458
7777,0.0374959,0.467654,1993
7778,0.0370265,0.326201,30904
7779,0.0365537,0.561867,47741
7780,0.0360765,0.319844,50862
7781,0.0358729,0.361435,8573
7782,0.0366959,0.302535,6001
7783,0.0358474,0.343828,12141
7784,0.0363634,0.257588,42719
7785,0.0363185,0.448226,42583
7786,0.0362127,0.340871,29475
7787,0.036256,0.313189,16131
7788,0.0369525,0.42224,56771
7789,0.0357627,0.45469,55657
7790,0.035893,0.294887,12141
7791,0.0367811,0.336252,55023
7792,0.0363444,0.360504,6159
7793,0.0359265,0.486559,1991
7794,0.0365057,0.504776,48211
7795,0.0383361,0.351381,33757
7796,0.0370969,0.3623,38639
7797,0.0366256,0.569483,42335
7798,0.0370217,0.399179,55547
7799,0.0362607,0.295107,13573
7800,0.0363059,0.539455,21415
7801,0.037063,0.352032,48144
7802,0.0366302,0.218542,6003
7803,0.0368302,0.435623,59429
7804,0.0379715,0.44314,56574
7805,0.0364667,0.472902,3657
7806,0.0360511,0.232678,55523
7807,0.0368426,0.247299,5999
7808,0.0375023,0.421579,7963
7809,0.0358536,0.483111,23597
7810,0.0367757,0.309232,36749
7811,0.0374538,0.252915,36801
7812,0.036228,0.35803,55505
7813,0.0363497,0.375947,59164
7814,0.0367415,0.403255,48192
7815,0.0363138,0.462139,6063
7816,0.0363932,0.337595,6131
7817,0.053451,0.321908,29405
7818,0.0371062,0.421358,51221
7819,0.0376056,0.409967,47707
7820,0.0372905,0.367791,32383
7821,0.0366269,0.536908,22741
7822,0.0365165,0.317181,19461
7823,0.0376294,0.473366,14263
7824,0.0363088,0.403685,10234
7825,0.0363041,0.347143,35361
7826,0.0369927,0.433318,6169
7827,0.0363829,0.347322,36319
7828,0.0366282,0.319286,33757
7829,0.0362274,0.419928,51237
7830,0.054922,0.338738,6133
7831,0.0356686,0.456582,23101
7832,0.0377752,0.210026,9399
7833,0.0373642,0.367722,1379
7834,0.0358848,0.40949,17694
7835,0.0362475,0.369689,34511
7836,0.0361148,0.482161,6429
7837,0.0361234,0.380748,54827
7838,0.0358982,0.338987,7985
7839,0.037422,0.224492,36731
7840,0.0360437,0.427417,36685
7841,0.0360394,0.414355,8455
7842,0.0383066,0.45723,31014
7843,0.0366031,0.417111,29275
7844,0.0368469,0.390047,10231
7845,0.0538742,0.344075,10233
7846,0.0350663,0.33146,5475
7847,0.036136,0.274239,36765
7848,0.0373466,0.546677,36685
7849,0.0382336,0.577736,13093
7850,0.0364152,0.526377,31014
7851,0.0360845,0.402912,42591
7852,0.035953,0.345969,42031
7853,0.0372271,0.361658,1207
7854,0.0381259,0.374812,6061
7855,0.0367095,0.360771,8533
7856,0.036025,0.292375,10257
7857,0.0371412,0.484895,7653
7858,0.0367259,0.538346,22643
7859,0.0361093,0.426003,37409
7860,0.0365154,0.353039,39455
7861,0.0370197,0.339982,42031
7862,0.0363269,0.392307,5034
7863,0.0361144,0.361193,26612
7864,0.0373997,0.406097,19766
7865,0.0365784,0.371474,36603
7866,0.0363203,0.327183,40611
7867,0.0374431,0.29638,28283
7868,0.0357493,0.313706,19565
7869,0.0362455,0.260894,8383
7870,0.0363017,0.532803,51231
7871,0.036557,0.435748,1267
7872,0.0351499,0.360206,8666
7873,0.0364968,0.35283,42848
7874,0.036202,0.357264,17283
7875,0.0356459,0.359806,12995
7876,0.0370102,0.492037,20257
7877,0.0377967,0.2904,43707
7878,0.0365361,0.350796,1193
7879,0.0369107,0.495408,57443
7880,0.0363645,0.297828,10879
7881,0.0360025,0.191422,7421
7882,0.0358982,0.291469,40521
7883,0.0360546,0.396959,32037
7884,0.0373761,0.319543,23057
7885,0.0364582,0.488083,38803
7886,0.0358788,0.536437,1361
7887,0.0368293,0.256201,30484
7888,0.0363939,0.544622,12937
7889,0.0357963,0.303963,42649
7890,0.0387653,0.222268,37081
7891,0.0372571,0.364361,36725
7892,0.0372147,0.268116,1383
7893,0.0382807,0.40364,36623
7894,0.0360928,0.501711,7983
7895,0.0357609,0.335569,20915
7896,0.0362198,0.255529,8258
7897,0.0361153,0.308471,2005
7898,0.036255,0.346963,36737
7899,0.0364506,0.328173,36801
7900,0.0371665,0.244247,36591
7901,0.035993,0.358395,14614
7902,0.0356634,0.307509,14387
7903,0.0383606,0.433976,14387
7904,0.0361799,0.353533,42247
7905,0.0371792,0.470241,1241
7906,0.0384267,0.370405,47437
7907,0.0371117,0.369645,37153
7908,0.0367688,0.337708,12993
7909,0.0368444,0.504499,22713
7910,0.0366491,0.511322,1187
7911,0.0361935,0.25772,13177
7912,0.0367726,0.33525,43707
7913,0.0364438,0.290637,20979
7914,0.0560885,0.297909,10299
7915,0.0376865,0.366195,36767
7916,0.0361242,0.258551,47373
7917,0.0359017,0.518684,22793
7918,0.0377098,0.516774,34711
7919,0.0358287,0.354973,1267
7920,0.0357887,0.282388,37139
7921,0.0367804,0.630863,10205
7922,0.035938,0.520368,9242
7923,0.0359294,0.446951,10233
7924,0.0368201,0.360265,13027
7925,0.036319,0.37765,1269
7926,0.0360479,0.338831,10233
7927,0.0353038,0.386049,59746
7928,0.0385708,0.320889,36591
7929,0.036735,0.43724,5973
7930,0.0365644,0.514542,22641
7931,0.037334,0.350228,6121
7932,0.0366755,0.47762,19222
7933,0.0357831,0.321444,13206
7934,0.0376064,0.335662,23167
7935,0.0362292,0.409094,6099
7936,0.0369634,0.380491,11021
7937,0.0368362,0.401639,28217
7938,0.0360095,0.464307,11484
7939,0.0359508,0.346934,33779
7940,0.0362341,0.359606,46957
7941,0.0378221,0.401573,36681
7942,0.0370488,0.36159,24999
7943,0.0368278,0.37365,40074
7944,0.0366731,0.216807,19411
7945,0.0365317,0.57298,19463
7946,0.0373503,0.525611,56321
7947,0.0360792,0.4068,1373
7948,0.0360124,0.493432,12574
7949,0.0359452,0.375359,29399
7950,0.0701422,0.349179,46957
7951,0.0564427,0.405915,25418
7952,0.0373943,0.37855,37126
7953,0.0362774,0.313794,55837
7954,0.0361557,0.265192,15316
7955,0.0382614,0.471949,38617
7956,0.0372358,0.436635,37765
7957,0.0356856,0.423979,43217
7958,0.0356754,0.453651,16095
7959,0.036741,0.376096,30956
7960,0.0359338,0.369662,36840
7961,0.0357953,0.406648,25563
7962,0.0377352,0.316127,11934
7963,0.0363591,0.383083,53400
7964,0.0362428,0.366396,44936
7965,0.0374646,0.38844,21865
7966,0.0364919,0.359706,2909
7967,0.0358371,0.331958,52409
7968,0.0375426,0.3876,5379
7969,0.0356899,0.216068,2645
7970,0.0378832,0.355878,28704
7971,0.037417,0.315371,33059
7972,0.037617,0.484163,43231
7973,0.0371417,0.235587,43633
7974,0.0354699,0.428536,56013
7975,0.0368212,0.32937,5040
7976,0.036616,0.463678,30463
7977,0.0361392,0.393849,6099
7978,0.0362094,0.466915,6115
7979,0.0374013,0.354014,55733
7980,0.0361833,0.237905,58963
7981,0.036726,0.395101,6033
7982,0.0366855,0.440728,17694
7983,0.0371236,0.430739,6071
7984,0.037502,0.413261,41845
7985,0.0368579,0.367671,21456
7986,0.0361423,0.516014,19784
7987,0.0476134,0.349921,52409
7988,0.0429316,0.432767,5403
7989,0.0358719,0.403373,32313
7990,0.0367631,0.274851,39393
7991,0.0369161,0.430339,19255
7992,0.0367785,0.473463,56926
7993,0.0374021,0.463701,28485
7994,0.0390603,0.488177,47530
7995,0.0357285,0.393717,49627
7996,0.0368783,0.514697,24323
7997,0.0377859,0.402512,21027
7998,0.0355967,0.402634,24477
7999,0.0359812,0.52183,40437
8000,0.0365516,0.538787,22747
8001,0.0361372,0.355103,10529
8002,0.0358721,0.334215,39481
8003,0.0370316,0.338973,55431
8004,0.0362353,0.448168,55173
8005,0.0363571,0.180774,47977
8006,0.0361563,0.377095,29465
8007,0.0362481,0.321065,22691
8008,0.0359563,0.38574,35351
8009,0.0371069,0.404421,36677
8010,0.0361327,0.460261,6007
8011,0.035785,0.474817,1227
8012,0.035777,0.525058,13095
8013,0.0372051,0.346742,14031
8014,0.0362503,0.422402,22663
8015,0.0361573,0.518458,1319
8016,0.0365265,0.357471,51259
8017,0.0362214,0.317543,29475
8018,0.0366771,0.375296,16538
8019,0.0375063,0.439979,56394
8020,0.0361648,0.54751,27509
8021,0.0364111,0.333024,1828
8022,0.0367549,0.22471,42093
8023,0.0362992,0.30924,5475
8024,0.0363199,0.271962,48433
8025,0.0363686,0.464172,37143
8026,0.0364268,0.362475,21939
8027,0.0360582,0.348666,4691
8028,0.0358678,0.337266,39657
8029,0.0372372,0.335454,33921
8030,0.0363507,0.429954,23352
8031,0.0364322,0.470036,48643
8032,0.0375361,0.383791,8537
8033,0.037196,0.453331,48962
8034,0.036095,0.416481,37308
8035,0.0370434,0.379688,52003
8036,0.0373002,0.467593,38617
8037,0.0361122,0.467277,11382
8038,0.0367308,0.450033,6217
8039,0.036918,0.351713,6009
8040,0.0376552,0.351736,19851
8041,0.0359836,0.334208,24003
8042,0.0373604,0.324181,39205
8043,0.0357773,0.422066,37193
8044,0.0350827,0.36145,50174
8045,0.0363405,0.192558,28981
8046,0.0363234,0.396549,10797
8047,0.0361113,0.648152,32918
8048,0.0367193,0.22666,920
8049,0.0368732,0.473379,14048
8050,0.0372887,0.413852,55947
8051,0.0376199,0.373754,1373
8052,0.0368296,0.363593,13571
8053,0.0365182,0.382926,36319
8054,0.0357871,0.269163,43137
8055,0.0379144,0.330118,8515
8056,0.0365272,0.316867,19535
8057,0.0357996,0.335765,28627
8058,0.0366336,0.263392,46685
8059,0.0359026,0.491873,15905
8060,0.0360851,0.381312,51133
8061,0.0370122,0.498409,29026
8062,0.0359506,0.567254,38624
8063,0.036792,0.338322,15951
8064,0.0362709,0.377717,28179
8065,0.0369776,0.384571,35242
8066,0.036927,0.374538,42129
8067,0.0367433,0.363924,4854
8068,0.0366167,0.233644,36273
8069,0.0363976,0.465811,56961
8070,0.0355964,0.356698,6592
8071,0.0370418,0.445092,26288
8072,0.0359475,0.453955,33749
8073,0.0363031,0.319249,24157
8074,0.0367546,0.30569,51229
8075,0.0355541,0.42139,20753
8076,0.0362722,0.328658,44402
8077,0.0364109,0.364106,33670
8078,0.0367273,0.216758,20438
8079,0.0363085,0.394996,19152
8080,0.0373214,0.417619,37229
8081,0.0368738,0.50085,41722
8082,0.0361383,0.397099,29487
8083,0.0361612,0.301767,39205
8084,0.0372717,0.292424,27993
8085,0.0356974,0.3396,8897
8086,0.0364425,0.274952,36410
8087,0.036364,0.393166,43637
8088,0.0361493,0.257485,53610
8089,0.0359269,0.487067,24683
8090,0.0551459,0.215338,36185
8091,0.0386274,0.500537,13586
8092,0.0376546,0.471103,17744
8093,0.038011,0.281249,8492
8094,0.0380436,0.492511,16047
8095,0.0362643,0.469052,17744
8096,0.0370923,0.345135,34905
8097,0.0363609,0.419616,25341
8098,0.0361535,0.421495,20983
8099,0.0362349,0.232521,3237
8100,0.0372898,0.234739,28063
8101,0.0362934,0.348702,14816
8102,0.0361736,0.4087,56282
8103,0.036581,0.246743,9872
8104,0.0366369,0.380703,4392
8105,0.0371334,0.397324,13498
8106,0.0375271,0.362187,30531
8107,0.0365405,0.427035,17300
8108,0.0367452,0.445996,54815
8109,0.0380175,0.323301,14816
8110,0.0373774,0.380947,48976
8111,0.0365376,0.335862,7985
8112,0.0381148,0.534436,13676
8113,0.0366645,0.225519,25687
8114,0.0364465,0.325169,5961
8115,0.0373394,0.384328,46246
8116,0.0367004,0.427468,6201
8117,0.0352791,0.388104,45513
8118,0.0375211,0.168687,47969
8119,0.038402,0.540721,44395
8120,0.0363374,0.468759,55715
8121,0.0362412,0.408968,5401
8122,0.0382361,0.43565,18879
8123,0.0363536,0.478325,55515
8124,0.0362988,0.3599,15545
8125,0.0542054,0.518733,48684
8126,0.0365929,0.498604,15693
8127,0.0361277,0.328424,34480
8128,0.0376785,0.428596,698
8129,0.0364452,0.539687,9897
8130,0.0364009,0.441259,17355
8131,0.0375313,0.399661,49169
8132,0.0366756,0.396543,9947
8133,0.0361937,0.355803,24453
8134,0.0371282,0.305479,1848
8135,0.0358383,0.425793,38331
8136,0.0360001,0.437829,18883
8137,0.0544209,0.311728,49720
8138,0.0363254,0.333657,22844
8139,0.0359212,0.490968,7929
8140,0.0372709,0.51993,1843
8141,0.03692,0.344595,32191
8142,0.0359427,0.463039,14887
8143,0.0536602,0.500068,14377
8144,0.0359888,0.406046,40165
8145,0.035422,0.494359,5215
8146,0.0387122,0.401251,9061
8147,0.0371335,0.468364,39219
8148,0.0376936,0.37023,42089
8149,0.0380527,0.524178,28097
8150,0.0564772,0.3462,39953
8151,0.0392709,0.406931,30501
8152,0.0378668,0.386677,26055
8153,0.0380728,0.583396,24215
8154,0.0371744,0.453785,43883
8155,0.0379988,0.440773,34947
8156,0.0373145,0.511613,53943
8157,0.0384893,0.471427,16135
8158,0.0719732,0.493118,10498
8159,0.0736267,0.199068,50951
8160,0.036031,0.648507,49503
8161,0.0365959,0.452759,25735
8162,0.0362462,0.546537,8425
8163,0.0374326,0.463089,23557
8164,0.0367419,0.314176,12365
8165,0.0358194,0.677229,863
8166,0.0372479,0.256255,10545
8167,0.0357399,0.398833,3655
8168,0.0366312,0.552857,4509
8169,0.0382307,0.400364,3779
8170,0.0364525,0.484033,947
8171,0.0371479,0.42481,39143
8172,0.0365309,0.354212,3035
8173,0.0364921,0.37933,12599
8174,0.0372551,0.492077,58019
8175,0.0375374,0.380387,8286
8176,0.0389449,0.402917,37899
8177,0.0379706,0.392107,12469
8178,0.0377127,0.447436,31305
8179,0.037407,0.400643,55251
8180,0.0375294,0.510607,12697
8181,0.0383962,0.487083,2521
8182,0.0374962,0.419072,20333
8183,0.0362148,0.606326,2421
8184,0.0365346,0.459992,40585
8185,0.0366773,0.453362,33562
8186,0.0358893,0.540769,38593
8187,0.0367993,0.223359,53147
8188,0.0518736,0.381966,31824
8189,0.0366611,0.474357,19287
8190,0.0358211,0.355367,3515
8191,0.03675,0.399242,4079
8192,0.0360012,0.549621,5363
8193,0.0359618,0.518019,35335
8194,0.037684,0.454083,40833
8195,0.0365397,0.373484,17285
8196,0.0358904,0.584959,33401
8197,0.0373695,0.431417,12489
8198,0.0365995,0.629377,9242
8199,0.0357622,0.36356,28965
8200,0.0372599,0.455243,28975
8201,0.0366443,0.483074,12451
8202,0.0361042,0.398435,33977
8203,0.0368099,0.443172,56794
8204,0.0374906,0.555584,59623
8205,0.0364882,0.633719,45709
8206,0.036907,0.433026,21055
8207,0.0530686,0.38967,32149
8208,0.039939,0.534734,13277
8209,0.0377273,0.487558,45208
8210,0.0369153,0.410623,16185
8211,0.0366245,0.356738,51109
8212,0.0365143,0.509738,35525
8213,0.0379562,0.440727,53821
8214,0.0366337,0.480497,6237
8215,0.0364439,0.462363,8643
8216,0.0357816,0.46312,52881
8217,0.0355158,0.54562,33039
8218,0.0361334,0.3165,7099
8219,0.0366511,0.237546,9393
8220,0.0369931,0.386308,18807
8221,0.0368428,0.372994,52639
8222,0.0369203,0.405205,541
8223,0.0369241,0.482465,59097
8224,0.0359579,0.420995,56113
8225,0.0371881,0.527864,7929
8226,0.0363387,0.504266,23563
8227,0.0354846,0.406053,55009
8228,0.0355455,0.451747,9983
8229,0.0383606,0.300896,21698
8230,0.0357084,0.35305,38767
8231,0.0360336,0.302804,13961
8232,0.0369321,0.451674,23011
8233,0.0358925,0.216035,17171
8234,0.0359832,0.394411,39989
8235,0.0359418,0.424169,20293
8236,0.0369728,0.673218,11351
8237,0.0360572,0.366042,10725
8238,0.0364444,0.463977,10477
8239,0.0362007,0.36233,39403
8240,0.0357463,0.296605,6453
8241,0.0363804,0.523093,22849
8242,0.0491736,0.544161,29729
8243,0.0355641,0.47403,32461
8244,0.0354692,0.317332,32449
8245,0.037224,0.512129,36721
8246,0.03621,0.534079,54377
8247,0.0356759,0.432446,53945
8248,0.0359658,0.333523,24515
8249,0.0371563,0.444372,7871
8250,0.0365438,0.348961,43421
8251,0.0374605,0.389308,34773
8252,0.0359293,0.235509,11917
8253,0.0362549,0.539911,15067
8254,0.0365548,0.522956,41843
8255,0.0364783,0.594021,42329
8256,0.0359746,0.477444,41477
8257,0.0365114,0.344216,19416
8258,0.0372678,0.617198,44087
8259,0.0358898,0.491249,24499
8260,0.0356425,0.460125,9313
8261,0.0371003,0.23051,29033
8262,0.0363855,0.622217,813
8263,0.0360649,0.59706,54559
8264,0.0370713,0.462964,43355
8265,0.0355776,0.491682,16138
8266,0.0373168,0.488393,24460
8267,0.0555145,0.524049,9437
8268,0.0366224,0.258947,24970
8269,0.0364626,0.416042,22331
8270,0.0368394,0.596813,18829
8271,0.0360304,0.434576,29023
8272,0.0363082,0.60142,19386
8273,0.0366371,0.499021,5072
8274,0.0536725,0.387392,35421
8275,0.0357974,0.557727,16165
8276,0.0383625,0.502606,46305
8277,0.0368235,0.616256,29268
8278,0.0366841,0.504536,15765
8279,0.0370559,0.683127,3668
8280,0.0366599,0.492999,33355
8281,0.036349,0.457263,1435
8282,0.0372276,0.378968,4000
8283,0.0381973,0.480862,15765
8284,0.03627,0.50447,25998
8285,0.0362513,0.35545,46858
8286,0.0366741,0.391729,20845
8287,0.0360725,0.467727,42647
8288,0.0362673,0.488641,40685
8289,0.0371622,0.242466,507
8290,0.036042,0.627456,2554
8291,0.0363405,0.477657,34697
8292,0.0370855,0.478586,12447
8293,0.0360291,0.523872,54493
8294,0.0363496,0.619747,14209
8295,0.0368281,0.519831,59706
8296,0.0363006,0.6725,15707
8297,0.0358524,0.457599,34011
8298,0.0365687,0.486328,55949
8299,0.0371667,0.559764,6011
8300,0.0363693,0.492877,12085
8301,0.0362367,0.569158,53865
8302,0.0364843,0.460531,36796
8303,0.035935,0.262217,821
8304,0.0360948,0.392157,9082
8305,0.0367519,0.302653,13315
8306,0.0360667,0.270129,13201
8307,0.0358193,0.376716,7978
8308,0.0379218,0.551412,55062
8309,0.0368048,0.477696,19059
8310,0.036858,0.587528,6377
8311,0.0391528,0.560555,51179
8312,0.0362975,0.481375,3061
8313,0.0364189,0.389254,1422
8314,0.0364657,0.471216,35585
8315,0.0540033,0.534147,50449
8316,0.0354957,0.402755,5638
8317,0.0364658,0.412825,10693
8318,0.0362411,0.563561,5104
8319,0.0357511,0.418619,741
8320,0.0357653,0.619215,48401
8321,0.0369051,0.457291,5302
8322,0.036223,0.54742,24553
8323,0.0363417,0.563625,52839
8324,0.0358726,0.272382,48513
8325,0.0370161,0.471658,40171
8326,0.0374731,0.55934,14405
8327,0.0374584,0.587174,12331
8328,0.0367679,0.470416,20615
8329,0.0360429,0.516457,35115
8330,0.0370306,0.584484,54725
8331,0.053312,0.395,17461
8332,0.0355347,0.62325,23791
8333,0.054377,0.45941,10418
8334,0.0353611,0.444922,727
8335,0.0362712,0.492894,3709
8336,0.0538664,0.499365,22424
8337,0.0358219,0.531996,56817
8338,0.0357699,0.399425,49351
8339,0.036241,0.643563,23215
8340,0.036445,0.221452,315
8341,0.0375191,0.379318,21407
8342,0.0539271,0.431438,15777
8343,0.035097,0.329998,47957
8344,0.0360307,0.205497,47799
8345,0.0366913,0.473834,36775
8346,0.0361146,0.403586,18975
8347,0.0363594,0.42261,25471
8348,0.037329,0.549988,20885
8349,0.037039,0.32352,6085
8350,0.0359084,0.339669,27827
8351,0.0530538,0.466802,35525
8352,0.0358554,0.214197,11079
8353,0.0355806,0.632614,16123
8354,0.0367944,0.359515,52455
8355,0.0364383,0.501396,21931
8356,0.0362258,0.403521,59842
8357,0.0364317,0.520933,57467
8358,0.036504,0.446802,8837
8359,0.0357486,0.326206,31361
8360,0.0363914,0.251925,16483
8361,0.0373324,0.465719,30609
8362,0.0361196,0.4975,20181
8363,0.0367225,0.457001,28588
8364,0.0366202,0.31912,18979
8365,0.0365888,0.4014,339
8366,0.0353,0.463116,54604
8367,0.0369672,0.21943,24839
8368,0.0370541,0.305644,18023
8369,0.0360384,0.463964,57544
8370,0.0370864,0.423926,4583
8371,0.0355779,0.414064,10529
8372,0.0361585,0.342903,31337
8373,0.0357609,0.462258,15777
8374,0.0365458,0.527793,52943
8375,0.0549116,0.482613,40524
8376,0.0362493,0.444531,27967
8377,0.0367511,0.370357,55533
8378,0.0364008,0.426481,39491
8379,0.0366997,0.498191,15045
8380,0.0370441,0.353234,51311
8381,0.0722249,0.494083,16109
8382,0.0380652,0.548125,9435
8383,0.0373763,0.499702,52943
8384,0.0365433,0.426251,5281
8385,0.0368259,0.39089,24441
8386,0.0362655,0.607951,46891
8387,0.0357225,0.4369,13933
8388,0.0379678,0.416325,32165
8389,0.0359684,0.457939,2557
8390,0.0373363,0.255826,13379
8391,0.0370401,0.52955,35225
8392,0.0370499,0.547498,29523
8393,0.0368111,0.392458,15075
8394,0.0366599,0.52345,10477
8395,0.0359386,0.44137,11343
8396,0.0362098,0.276192,15135
8397,0.0358128,0.553836,35954
8398,0.0383783,0.382951,59504
8399,0.0362525,0.306394,55367
8400,0.0361981,0.48654,23150
8401,0.0369536,0.351841,26141
8402,0.0363969,0.474302,14871
8403,0.0357695,0.379727,42011
8404,0.036814,0.437217,8085
8405,0.0360861,0.626851,6943
8406,0.0358057,0.507754,40128
8407,0.0360863,0.435736,17139
8408,0.0367218,0.780041,23215
8409,0.0350184,0.537747,10567
8410,0.0360435,0.415642,21189
8411,0.0370313,0.40874,39143
8412,0.0377163,0.522065,44329
8413,0.0363038,0.58419,48875
8414,0.0368581,0.420365,30555
8415,0.0361742,0.525853,42753
8416,0.0365685,0.736362,46623
8417,0.0541598,0.512643,4173
8418,0.0357957,0.22041,10399
8419,0.0357783,0.509646,49108
8420,0.0374572,0.174059,24793
8421,0.0361355,0.327947,38504
8422,0.0357051,0.468836,53935
8423,0.0369618,0.435164,35497
8424,0.036678,0.490653,4603
8425,0.0362458,0.497445,43243
8426,0.0362818,0.52333,57295
8427,0.0374068,0.248784,53301
8428,0.0365294,0.409182,53097
8429,0.0362373,0.503898,35143
8430,0.0371291,0.503388,16715
8431,0.0365373,0.508246,24507
8432,0.0364817,0.17611,47935
8433,0.0377496,0.358201,18957
8434,0.036026,0.414735,13418
8435,0.0356091,0.63218,42678
8436,0.0371328,0.303012,19295
8437,0.0368824,0.498042,45027
8438,0.0360286,0.55482,17315
8439,0.0364164,0.251456,15073
8440,0.0356595,0.549716,44061
8441,0.0371206,0.420002,19331
8442,0.038562,0.567477,47695
8443,0.037507,0.215596,50083
8444,0.0364662,0.613366,7865
8445,0.0358235,0.475768,6177
8446,0.0370536,0.339613,42843
8447,0.0361305,0.465976,8909
8448,0.0366849,0.435404,17236
8449,0.0373771,0.209605,2362
8450,0.0376522,0.543178,53650
8451,0.0366332,0.399264,8957
8452,0.0371985,0.476144,25419
8453,0.0361915,0.570278,27963
8454,0.0361887,0.434543,4477
8455,0.0372022,0.40835,43774
8456,0.0362067,0.502839,41544
8457,0.0367622,0.564158,42597
8458,0.0372995,0.320761,21903
8459,0.0369471,0.265795,12394
8460,0.0360904,0.433849,42583
8461,0.0724573,0.365316,58465
8462,0.0359005,0.405815,1261
8463,0.0359671,0.515509,56063
8464,0.0363795,0.434641,21955
8465,0.0361952,0.439432,10002
8466,0.0363689,0.425474,36754
8467,0.0360532,0.4665,48843
8468,0.0361137,0.290096,11526
8469,0.0363669,0.32892,57436
8470,0.0365969,0.469275,1255
8471,0.0370785,0.386401,2820
8472,0.0363218,0.442726,19608
8473,0.0361473,0.426982,39065
8474,0.0378192,0.305226,19681
8475,0.0367418,0.335454,21783
8476,0.0361692,0.468459,5170
8477,0.036883,0.472332,14289
8478,0.036503,0.306246,48879
8479,0.0360352,0.318979,7056
8480,0.0362161,0.265792,21937
8481,0.0366976,0.370499,23395
8482,0.0363627,0.507237,26690
8483,0.0368614,0.458165,4400
8484,0.0356189,0.317441,11690
8485,0.0363808,0.385485,59398
8486,0.0365455,0.42771,32400
8487,0.0362835,0.502565,6027
8488,0.0369833,0.19313,920
8489,0.0359281,0.421001,4400
8490,0.0360098,0.384537,47791
8491,0.0359061,0.212956,51936
8492,0.0360048,0.395487,22852
8493,0.0369136,0.242742,6859
8494,0.0374789,0.393044,23344
8495,0.0361852,0.415743,39669
8496,0.038475,0.4013,23395
8497,0.0362803,0.273782,40590
8498,0.0365898,0.456623,23520
8499,0.0541973,0.353643,28115
8500,0.0546881,0.43881,56763
8501,0.0366317,0.402455,18253
8502,0.0372941,0.438826,46965
8503,0.0368318,0.441383,26845
8504,0.0369007,0.41412,17707
8505,0.037112,0.458635,47903
8506,0.0364148,0.336887,24398
8507,0.0370364,0.445804,10255
8508,0.0380712,0.459981,55851
8509,0.0363579,0.23519,25327
8510,0.036066,0.40623,21843
8511,0.0373542,0.423657,25419
8512,0.0361106,0.364773,1281
8513,0.0348618,0.439641,36251
8514,0.0364099,0.394774,462
8515,0.0365036,0.441212,42450
8516,0.0368487,0.422031,28115
8517,0.0360662,0.454269,19481
8518,0.0373001,0.390769,28075
8519,0.0356498,0.404517,29186
8520,0.0357508,0.414874,52270
8521,0.0370818,0.437254,39914
8522,0.0367766,0.589657,24416
8523,0.0367748,0.545308,48633
8524,0.0531476,0.427174,21825
8525,0.038193,0.417226,19648
8526,0.0362588,0.201336,45284
8527,0.0367104,0.459842,12832
8528,0.0357936,0.369089,26298
8529,0.0364604,0.422266,50164
8530,0.0364344,0.559878,12580
8531,0.0369302,0.474389,37117
8532,0.0361204,0.469931,59456
8533,0.0372644,0.438448,55091
8534,0.0375376,0.35272,1684
8535,0.0361455,0.387547,55048
8536,0.0362108,0.214706,9012
8537,0.0365704,0.291858,25463
8538,0.0348676,0.2608,17184
8539,0.0366113,0.46865,55755
8540,0.0364208,0.247076,9599
8541,0.035709,0.365428,14930
8542,0.036187,0.351492,56044
8543,0.0550114,0.226015,30218
8544,0.0363684,0.522584,38635
8545,0.0368309,0.226107,27309
8546,0.0369494,0.318008,26819
8547,0.0356871,0.510464,17145
8548,0.0361962,0.349436,18232
8549,0.0369482,0.233053,56831
8550,0.0360256,0.454204,47585
8551,0.0368237,0.47121,25209
8552,0.0365133,0.497294,58174
8553,0.036452,0.68457,23938
8554,0.0364839,0.432745,8628
8555,0.0357967,0.401496,32861
8556,0.0550066,0.429219,4669
8557,0.0354175,0.374642,55473
8558,0.0372735,0.544167,3876
8559,0.0374498,0.266467,34074
8560,0.0369767,0.466738,277
8561,0.0371209,0.660195,9037
8562,0.0367682,0.49292,37262
8563,0.0370643,0.637033,54562
8564,0.0365458,0.513915,27887
8565,0.0369407,0.357844,40794
8566,0.0370512,0.473324,20732
8567,0.0360278,0.413439,26427
8568,0.0377429,0.20693,10318
8569,0.0366952,0.58168,40851
8570,0.0367371,0.652115,17242
8571,0.0364721,0.513899,21365
8572,0.0360986,0.522072,26697
8573,0.0352384,0.470204,33284
8574,0.0366981,0.475685,22439
8575,0.036792,0.270929,56945
8576,0.0362818,0.3221,612
8577,0.0363419,0.465781,19483
8578,0.0372909,0.593315,41548
8579,0.0355975,0.522498,22215
8580,0.0362733,0.434725,59217
8581,0.0369999,0.460865,50906
8582,0.0362838,0.443948,47002
8583,0.0399551,0.489497,8956
8584,0.0361956,0.650423,47883
8585,0.0367658,0.420048,25545
8586,0.0362733,0.168813,36831
8587,0.0363513,0.342996,2642
8588,0.0366963,0.524682,47026
8589,0.036851,0.48998,46644
8590,0.0358304,0.375124,55815
8591,0.0364287,0.377951,5818
8592,0.0370516,0.572165,13401
8593,0.03629,0.300209,32967
8594,0.0372976,0.486287,30297
8595,0.036032,0.441712,2253
8596,0.0370073,0.452536,32983
8597,0.0372928,0.491364,32931
8598,0.0363087,0.461297,34736
8599,0.0362636,0.413895,33372
8600,0.0369507,0.223872,36517
8601,0.0361299,0.54777,19820
8602,0.0722883,0.608643,18585
8603,0.0723284,0.544951,21986
8604,0.0363228,0.242191,25268
8605,0.0375059,0.490231,51481
8606,0.0367194,0.320471,42672
8607,0.0354293,0.540889,10011
8608,0.0375996,0.420472,8980
8609,0.0357799,0.405439,23805
8610,0.035806,0.500331,14927
8611,0.0371242,0.421651,662
8612,0.0386126,0.431387,20761
8613,0.0362804,0.516789,6794
8614,0.0366627,0.382172,36764
8615,0.036781,0.55011,40832
8616,0.0384424,0.397816,57845
8617,0.0374465,0.417197,55409
8618,0.0379151,0.431234,15782
8619,0.0366834,0.400396,16518
8620,0.0368121,0.42665,15531
8621,0.0377982,0.418684,50643
8622,0.0360098,0.45376,59217
8623,0.036756,0.4241,32316
8624,0.0359929,0.546154,46979
8625,0.0362239,0.568694,41181
8626,0.035716,0.499127,51625
8627,0.0370028,0.430823,55973
8628,0.036479,0.486634,17626
8629,0.0360941,0.519286,57645
8630,0.0371952,0.519813,35906
8631,0.0368399,0.401549,14360
8632,0.035808,0.598088,4529
8633,0.0368161,0.227842,10834
8634,0.0365316,0.421606,30849
8635,0.0363708,0.380714,12198
8636,0.0364954,0.236945,34980
8637,0.0375083,0.513534,51407
8638,0.0360257,0.390678,18289
8639,0.0365066,0.604756,29624
8640,0.0358672,0.43588,38353
8641,0.0362439,0.388151,6475
8642,0.0366514,0.39593,44537
8643,0.0354615,0.535642,30837
8644,0.0364267,0.411462,13170
8645,0.0364598,0.515865,2698
8646,0.0363572,0.610549,54680
8647,0.0364762,0.462359,17863
8648,0.0366772,0.494902,40832
8649,0.0375694,0.427821,42006
8650,0.0556142,0.228389,13504
8651,0.0370515,0.401192,18289
8652,0.0360295,0.491648,44488
8653,0.0375489,0.583005,58930
8654,0.0362822,0.441867,56909
8655,0.0363613,0.534256,50148
8656,0.0368902,0.445483,58930
8657,0.035903,0.430359,41606
8658,0.0361883,0.204662,12842
8659,0.0369159,0.188782,33769
8660,0.0372592,0.434287,50915
8661,0.0373228,0.365195,55929
8662,0.0382178,0.536675,58174
8663,0.0358682,0.348926,50169
8664,0.0367939,0.542212,2190
8665,0.0376044,0.529855,2056
8666,0.0364169,0.261545,30969
8667,0.03578,0.488623,39091
8668,0.0376714,0.430033,47454
8669,0.0372838,0.532687,55973
8670,0.0356146,0.439335,16753
8671,0.0358375,0.309411,19859
8672,0.0362123,0.209976,10409
8673,0.0368821,0.361778,35347
8674,0.0364039,0.387408,21831
8675,0.0391454,0.357911,57582
8676,0.0546954,0.385008,36639
8677,0.0552088,0.2913,51311
8678,0.0374691,0.362507,10039
8679,0.0364015,0.430698,24641
8680,0.0541116,0.29489,29419
8681,0.0361088,0.276331,22629
8682,0.0354486,0.205726,8963
8683,0.0382861,0.388955,54815
8684,0.0364619,0.434827,19633
8685,0.0360747,0.40535,30830
8686,0.0372437,0.395631,1991
8687,0.0358109,0.328023,18023
8688,0.0359867,0.372562,32515
8689,0.0498893,0.426763,27999
8690,0.0405827,0.330562,59243
8691,0.0359866,0.399552,5167
8692,0.0369369,0.213654,16267
8693,0.0366961,0.466376,43635
8694,0.0376414,0.405747,21861
8695,0.0364667,0.392537,44124
8696,0.0376446,0.494278,20564
8697,0.0361469,0.319859,33269
8698,0.0363708,0.312623,39133
8699,0.036134,0.454656,22913
8700,0.0363841,0.29632,21924
8701,0.0362638,0.328831,5471
8702,0.0371768,0.396682,33773
8703,0.0366532,0.421337,6561
8704,0.0367144,0.44542,8939
8705,0.0373218,0.303991,25019
8706,0.0359916,0.354281,10827
8707,0.0366478,0.469298,36593
8708,0.0383101,0.242588,6247
8709,0.0364916,0.422645,24161
8710,0.0362552,0.438393,33773
8711,0.0370388,0.449105,23361
8712,0.0362071,0.411174,41581
8713,0.0356823,0.385091,51536
8714,0.0358463,0.416568,19587
8715,0.0364692,0.24313,34762
8716,0.0356924,0.368342,28111
8717,0.0355735,0.390725,38775
8718,0.0371152,0.34193,5447
8719,0.0364672,0.473784,4856
8720,0.0359619,0.19274,4557
8721,0.0373227,0.468981,47043
8722,0.0365626,0.447298,51878
8723,0.0364261,0.305623,38887
8724,0.0362093,0.18814,25253
8725,0.0377771,0.416807,48560
8726,0.03654,0.482857,44180
8727,0.0354133,0.271225,45551
8728,0.0360337,0.456236,55807
8729,0.0367342,0.245737,10541
8730,0.0362392,0.340278,20215
8731,0.0381107,0.280401,17905
8732,0.0360526,0.367499,19964
8733,0.036205,0.368344,55119
8734,0.0376705,0.336856,15452
8735,0.0376806,0.3821,25796
8736,0.0375854,0.393475,37215
8737,0.0379222,0.443069,1991
8738,0.0371895,0.387425,20645
8739,0.0368194,0.430204,11996
8740,0.0373133,0.226486,6609
8741,0.0364147,0.35214,25557
8742,0.0362885,0.355727,10815
8743,0.0368978,0.352476,36557
8744,0.0368474,0.357339,43440
8745,0.0359365,0.172191,10971
8746,0.0353556,0.377462,34961
8747,0.0382439,0.441712,625
8748,0.0361946,0.34692,38893
8749,0.036799,0.317511,48501
8750,0.035698,0.349319,28055
8751,0.0358537,0.321499,6121
8752,0.0351254,0.312175,47855
8753,0.0380109,0.373074,51237
8754,0.0359151,0.411492,44521
8755,0.0365699,0.472168,32186
8756,0.0379966,0.367543,4525
8757,0.0371455,0.443192,57582
8758,0.0362668,0.205177,30210
8759,0.0361758,0.422374,26200
8760,0.0369305,0.372412,12201
8761,0.0361898,0.447623,44664
8762,0.036287,0.296632,12925
8763,0.0367078,0.342645,1927
8764,0.036038,0.310398,48755
8765,0.0364186,0.366419,39243
8766,0.0380849,0.409911,4179
8767,0.0385198,0.382471,59172
8768,0.0359599,0.197876,2599
8769,0.0368048,0.361377,367
8770,0.0367027,0.469687,31324
8771,0.0356303,0.33648,20480
8772,0.0374272,0.320843,40099
8773,0.0368905,0.473867,8925
8774,0.035628,0.419908,51345
8775,0.0360662,0.422041,43703
8776,0.0368578,0.217556,42601
8777,0.0355538,0.395968,28031
8778,0.036057,0.422748,55811
8779,0.0372769,0.255041,1849
8780,0.0363835,0.418288,36130
8781,0.0361551,0.387886,55847
8782,0.036336,0.32546,6121
8783,0.0363723,0.361053,43651
8784,0.0366293,0.326047,3663
8785,0.0364936,0.403924,51153
8786,0.0367231,0.320468,29463
8787,0.0368967,0.322726,50869
8788,0.0361744,0.403998,2037
8789,0.0374653,0.345729,55289
8790,0.0360533,0.406071,37731
8791,0.0364387,0.277912,36395
8792,0.0362026,0.417769,17014
8793,0.0369019,0.414332,11449
8794,0.037529,0.432872,25717
8795,0.0389077,0.345865,5275
8796,0.0377852,0.37506,3663
8797,0.0366794,0.445722,16685
8798,0.0377009,0.350054,22954
8799,0.0709329,0.232409,4557
8800,0.0360415,0.432613,5377
8801,0.0376623,0.406004,48557
8802,0.0368235,0.465427,847
8803,0.0356709,0.467827,50138
8804,0.0369669,0.424849,48883
8805,0.036609,0.342114,50234
8806,0.0359294,0.516739,1793
8807,0.0368808,0.413456,22795
8808,0.0364828,0.449082,45383
8809,0.0359173,0.269612,15293
8810,0.0363123,0.53468,24215
8811,0.0363258,0.398739,21075
8812,0.0365325,0.543706,43507
8813,0.0373181,0.441218,49253
8814,0.0552593,0.347829,2387
8815,0.0570376,0.335739,30988
8816,0.09116,0.550906,20873
8817,0.0364545,0.384985,32121
8818,0.0371036,0.353032,23589
8819,0.0377717,0.230289,57005
8820,0.0381738,0.42823,5297
8821,0.0373917,0.419355,2627
8822,0.0369575,0.496037,53945
8823,0.0373012,0.5406,11115
8824,0.056807,0.34439,51159
8825,0.0393509,0.307756,21587
8826,0.0373161,0.43518,923
8827,0.0369701,0.302147,707
8828,0.0371222,0.329671,25035
8829,0.0366237,0.379608,33761
8830,0.0720833,0.403672,375
8831,0.0533567,0.304635,6373
8832,0.0574454,0.377556,53421
8833,0.0370835,0.400151,27635
8834,0.0376569,0.455231,45049
8835,0.0408447,0.513636,26112
8836,0.0411987,0.423774,13473
8837,0.0435694,0.300842,44643
8838,0.0397331,0.426271,213
8839,0.0359357,0.282746,28113
8840,0.0372104,0.46259,16243
8841,0.0372463,0.467191,12607
8842,0.0364718,0.432871,22238
8843,0.0388772,0.44361,24359
8844,0.0384719,0.37317,10403
8845,0.0398735,0.294081,27631
8846,0.0418537,0.396055,54451
8847,0.042321,0.537803,5685
8848,0.0437487,0.327883,28333
8849,0.0440121,0.409626,54685
8850,0.041168,0.190211,2374
8851,0.0406616,0.313919,35217
8852,0.0413559,0.288084,29389
8853,0.0388207,0.513628,58330
8854,0.039776,0.444006,25721
8855,0.0404331,0.516969,24439
8856,0.0390384,0.455613,10993
8857,0.0382346,0.395778,59224
8858,0.0372762,0.333613,303
8859,0.0365012,0.418512,14402
8860,0.0369825,0.405338,10993
8861,0.0553978,0.379099,39563
8862,0.0368257,0.219402,29811
8863,0.0366987,0.553974,44642
8864,0.054185,0.394077,49749
8865,0.037912,0.458833,49720
8866,0.0371783,0.400199,59013
8867,0.0374617,0.529391,18615
8868,0.0378108,0.464663,56635
8869,0.0391964,0.408125,49353
8870,0.0369502,0.440555,5885
8871,0.036816,0.35865,13754
8872,0.0385833,0.3268,18047
8873,0.0401965,0.227383,20475
8874,0.0434166,0.304077,26051
8875,0.0437809,0.212087,53135
8876,0.0426126,0.381005,43155
8877,0.040191,0.457461,59163
8878,0.0367711,0.448221,43377
8879,0.0374606,0.269555,25109
8880,0.039578,0.382185,46694
8881,0.0391754,0.328335,18505
8882,0.0367442,0.378392,34377
8883,0.0360854,0.317664,2591
8884,0.0363094,0.374051,299
8885,0.0367345,0.279064,3255
8886,0.0381569,0.332864,43571
8887,0.0366503,0.236142,41859
8888,0.037216,0.325091,55077
8889,0.0359175,0.51475,41955
8890,0.0358965,0.377309,2487
8891,0.0538869,0.301341,24813
8892,0.0361842,0.226556,5571
8893,0.0369024,0.252849,43237
8894,0.0368539,0.438507,885
8895,0.0361589,0.264231,49601
8896,0.0355658,0.369333,2607
8897,0.0394416,0.376489,42773
8898,0.0370743,0.430512,8101
8899,0.0368454,0.351219,39953
8900,0.036735,0.405736,727
8901,0.0356786,0.384829,5099
8902,0.0360327,0.49217,55669
8903,0.0374896,0.355108,49627
8904,0.037475,0.323269,42621
8905,0.0376995,0.249203,455
8906,0.0370767,0.397568,827
8907,0.0373634,0.408646,13401
8908,0.036854,0.521613,40416
8909,0.0368969,0.423711,40733
8910,0.0367373,0.466985,13142
8911,0.0361904,0.291759,12143
8912,0.0354631,0.372637,705
8913,0.0369763,0.40292,22297
8914,0.0361065,0.227989,49317
8915,0.0360446,0.43324,43635
8916,0.037126,0.424415,25413
8917,0.0365854,0.411818,34947
8918,0.0358411,0.345756,55365
8919,0.036178,0.395396,16231
8920,0.0384057,0.44699,12417
8921,0.0360565,0.367131,17905
8922,0.0379576,0.263453,30129
8923,0.0367392,0.511815,49189
8924,0.0376057,0.463562,58339
8925,0.0368501,0.423424,34955
8926,0.0364435,0.34236,43541
8927,0.0359158,0.340576,13393
8928,0.0359542,0.444622,17317
8929,0.0362092,0.402316,11993
8930,0.0367419,0.223371,18899
8931,0.0364331,0.427271,14011
8932,0.0356936,0.432735,13849
8933,0.0361911,0.391558,34753
8934,0.036711,0.422683,26580
8935,0.0379861,0.343013,52311
8936,0.0381596,0.4953,30569
8937,0.0370699,0.377996,11189
8938,0.0377021,0.195495,15293
8939,0.0366387,0.433198,24281
8940,0.0367911,0.46561,28103
8941,0.0378489,0.478112,11209
8942,0.0373461,0.472709,32225
8943,0.0361735,0.445365,15083
8944,0.0349385,0.383553,2249
8945,0.0369015,0.48713,9957
8946,0.035916,0.419309,19200
8947,0.0359294,0.401209,3117
8948,0.0376778,0.437591,57789
8949,0.0360977,0.417675,12529
8950,0.0353641,0.432837,55969
8951,0.0374549,0.327914,20591
8952,0.0362634,0.564365,6827
8953,0.0361498,0.355735,9447
8954,0.0361349,0.408866,11255
8955,0.037688,0.359711,12529
8956,0.0360094,0.421923,43285
8957,0.0365747,0.441433,30175
8958,0.0381187,0.456418,11989
8959,0.0363234,0.350229,21021
8960,0.0357779,0.43132,15617
8961,0.0367595,0.453204,19107
8962,0.0364438,0.377252,29031
8963,0.0377228,0.470274,15091
8964,0.0564699,0.444615,5599
8965,0.0369474,0.429971,58293
8966,0.0361063,0.419021,46977
8967,0.0367654,0.38781,53621
8968,0.0375096,0.366293,2153
8969,0.0363549,0.502633,59985
8970,0.0368663,0.435137,12545
8971,0.0371604,0.245629,44031
8972,0.0358382,0.503049,20413
8973,0.0365006,0.467876,57615
8974,0.035721,0.499092,27542
8975,0.03636,0.552906,35447
8976,0.036583,0.265196,11765
8977,0.0360592,0.338697,383
8978,0.0360508,0.311828,10479
8979,0.0365478,0.227072,30145
8980,0.0360089,0.242714,41195
8981,0.035512,0.452578,5911
8982,0.0364624,0.421722,35535
8983,0.0358388,0.361002,29623
8984,0.0359232,0.47495,24254
8985,0.0374399,0.381629,15091
8986,0.0367634,0.245696,33580
8987,0.036619,0.358536,50939
8988,0.0366345,0.224239,951
8989,0.0383724,0.379392,10693
8990,0.036868,0.314676,15314
8991,0.035958,0.390689,17327
8992,0.035534,0.331579,14148
8993,0.0372943,0.427578,53157
8994,0.0357183,0.352302,1161
8995,0.0357703,0.207606,15809
8996,0.0376073,0.453385,5587
8997,0.0364756,0.400638,43413
8998,0.0364793,0.435231,2453
8999,0.0373049,0.388143,18881
9000,0.0364116,0.384348,13255
9001,0.0364153,0.460449,24453
9002,0.0377735,0.265133,18987
9003,0.0365567,0.231954,18987
9004,0.0359276,0.381082,33023
9005,0.0371437,0.279864,49473
9006,0.0360752,0.414816,47230
9007,0.0361366,0.525054,34461
9008,0.0357506,0.570929,13363
9009,0.0380921,0.577366,58314
9010,0.0374179,0.492729,12551
9011,0.0366192,0.493819,5562
9012,0.0391743,0.542077,531
9013,0.0368513,0.675792,22783
9014,0.0367821,0.47894,55273
9015,0.038242,0.579638,33047
9016,0.0366768,0.471849,49595
9017,0.0362765,0.277704,44109
9018,0.0364493,0.375791,199
9019,0.0362915,0.557459,30154
9020,0.0359611,0.412411,13393
9021,0.0368531,0.376693,10671
9022,0.0363559,0.634782,54953
9023,0.0372275,0.551231,4127
9024,0.0374938,0.577967,37168
9025,0.037516,0.317187,6946
9026,0.0365763,0.447801,40487
9027,0.0359978,0.519488,2489
9028,0.0379707,0.402331,31337
9029,0.0360753,0.411569,55273
9030,0.0362943,0.223149,50951
9031,0.0379997,0.45602,45310
9032,0.0364592,0.475676,11718
9033,0.036966,0.414072,4195
9034,0.037209,0.390113,43639
9035,0.0359251,0.481532,3944
9036,0.0357719,0.505724,38458
9037,0.0359881,0.356764,9451
9038,0.0374736,0.406564,46963
9039,0.0367836,0.257784,22533
9040,0.0364636,0.393266,24377
9041,0.0376096,0.432462,12401
9042,0.0365045,0.394592,59989
9043,0.0363339,0.395096,55782
9044,0.0360125,0.54941,5214
9045,0.0364615,0.595914,27203
9046,0.0359725,0.595486,10312
9047,0.0701136,0.585319,34537
9048,0.0394837,0.389986,22901
9049,0.0369069,0.25899,41859
9050,0.0376205,0.43232,24377
9051,0.0364239,0.343578,5963
9052,0.0360507,0.349783,37153
9053,0.0363833,0.31083,4079
9054,0.0362107,0.442377,32410
9055,0.0359765,0.456184,17193
9056,0.0377952,0.502012,9779
9057,0.0366065,0.406379,28288
9058,0.0361339,0.321858,841
9059,0.0369347,0.489896,25106
9060,0.0366907,0.373526,55745
9061,0.0356772,0.233154,26910
9062,0.0368081,0.493718,17272
9063,0.0358712,0.548252,49926
9064,0.0358178,0.427132,39046
9065,0.0372205,0.401675,1490
9066,0.0379173,0.383895,51310
9067,0.0366363,0.447857,46697
9068,0.0360603,0.436982,35460
9069,0.036284,0.447901,42500
9070,0.0373819,0.363127,55576
9071,0.0377562,0.318727,39776
9072,0.0378717,0.398211,27935
9073,0.037412,0.516117,59416
9074,0.0378048,0.444539,39046
9075,0.0378903,0.485748,59473
9076,0.0360754,0.358027,19627
9077,0.0362406,0.458202,54405
9078,0.0364337,0.489956,12242
9079,0.0375628,0.436974,8318
9080,0.0358992,0.329864,54012
9081,0.0365475,0.219537,21281
9082,0.055698,0.496607,33296
9083,0.0373903,0.452267,14115
9084,0.0370013,0.46283,25419
9085,0.0365027,0.473837,53100
9086,0.0357647,0.358863,6159
9087,0.0378182,0.430855,14046
9088,0.0361667,0.437749,48155
9089,0.0356789,0.414617,22256
9090,0.0362633,0.227914,29030
9091,0.0381506,0.337386,28115
9092,0.036597,0.441899,48155
9093,0.03591,0.432069,25463
9094,0.0366856,0.381058,1984
9095,0.0362977,0.406997,42752
9096,0.0363612,0.258635,10378
9097,0.0376904,0.522572,28067
9098,0.0365649,0.461315,36243
9099,0.036219,0.49489,37594
9100,0.0376001,0.412539,59471
9101,0.0362242,0.318577,34331
9102,0.0366272,0.430594,9388
9103,0.0373231,0.524354,56642
9104,0.0374529,0.543406,48202
9105,0.0359381,0.336523,6065
9106,0.0373639,0.507676,12430
9107,0.0380967,0.439944,26701
9108,0.0376307,0.47067,14095
9109,0.0369968,0.40172,32748
9110,0.0365168,0.508488,7190
9111,0.03696,0.405088,814
9112,0.0363446,0.233964,43344
9113,0.0368771,0.468981,43722
9114,0.0367809,0.452221,8392
9115,0.036113,0.498133,35796
9116,0.0368907,0.510402,14055
9117,0.0364642,0.586297,54671
9118,0.0354512,0.417041,32901
9119,0.0364284,0.608463,10280
9120,0.0363669,0.225048,52575
9121,0.0368116,0.261538,48099
9122,0.0362263,0.385486,16245
9123,0.0381217,0.529625,36858
9124,0.0368542,0.193994,56903
9125,0.0368676,0.468535,9685
9126,0.0382771,0.444319,14093
9127,0.0362797,0.317081,17636
9128,0.0367072,0.54449,52417
9129,0.0375244,0.370891,43632
9130,0.0366375,0.445805,36267
9131,0.036628,0.423265,32744
9132,0.0355684,0.43041,7024
9133,0.0373949,0.536556,2916
9134,0.036426,0.413035,30222
9135,0.0364571,0.427061,21453
9136,0.036475,0.430508,14189
9137,0.0360169,0.358526,57682
9138,0.0358895,0.400037,24179
9139,0.0373816,0.375302,24404
9140,0.0360488,0.23125,39057
9141,0.0364782,0.54959,26579
9142,0.0379523,0.357504,47703
9143,0.0375126,0.226164,34483
9144,0.036246,0.359655,40250
9145,0.0370678,0.442226,21453
9146,0.0366935,0.372768,59873
9147,0.0356527,0.378066,46799
9148,0.0363026,0.353771,55913
9149,0.0375384,0.320648,53581
9150,0.0358905,0.449462,31440
9151,0.0363906,0.448488,54536
9152,0.0378178,0.436543,47175
9153,0.0366765,0.424737,27460
9154,0.0358445,0.405368,35288
9155,0.0377537,0.276074,26667
9156,0.0358997,0.396643,4263
9157,0.036452,0.468083,10734
9158,0.0357614,0.488714,44040
9159,0.0362779,0.389256,55734
9160,0.0361546,0.416051,12574
9161,0.0361044,0.507776,45194
9162,0.0384506,0.361938,25497
9163,0.0361118,0.524185,10787
9164,0.0361097,0.369797,50254
9165,0.036943,0.377144,36655
9166,0.0360867,0.421511,57386
9167,0.0350736,0.422322,21953
9168,0.0381836,0.536644,30530
9169,0.0365668,0.403151,46697
9170,0.0362124,0.365777,27993
9171,0.0365022,0.26851,34337
9172,0.0367732,0.535785,37922
9173,0.0365941,0.36853,36114
9174,0.0374291,0.357899,45146
9175,0.0358922,0.40259,7935
9176,0.0362969,0.531301,2281
9177,0.0383017,0.408689,15080
9178,0.0367599,0.312774,19681
9179,0.0358195,0.343766,40179
9180,0.0359226,0.279892,47947
9181,0.0368301,0.451249,22881
9182,0.0365617,0.464786,59299
9183,0.0360368,0.447191,47521
9184,0.0365434,0.475843,38217
9185,0.0372443,0.324019,59752
9186,0.0371471,0.325002,10769
9187,0.0376533,0.394935,51189
9188,0.0362876,0.312399,53151
9189,0.0369316,0.348602,5627
9190,0.0381665,0.303876,10669
9191,0.0366297,0.516359,24841
9192,0.0367507,0.46091,909
9193,0.0363949,0.481792,47431
9194,0.0359872,0.436092,32217
9195,0.0360205,0.34011,38555
9196,0.0364981,0.407068,12233
9197,0.0369659,0.481113,415
9198,0.0358425,0.419368,23611
9199,0.0355846,0.421516,33023
9200,0.0365328,0.197402,13157
9201,0.0388034,0.443938,22688
9202,0.037466,0.457212,34973
9203,0.0384271,0.50832,44447
9204,0.0366926,0.410001,12233
9205,0.0361491,0.420952,44437
9206,0.0368116,0.406794,16877
9207,0.0366128,0.307799,5419
9208,0.0358739,0.447455,50858
9209,0.0358751,0.555599,18815
9210,0.054339,0.466806,5099
9211,0.0365004,0.424895,59708
9212,0.0368836,0.334084,49235
9213,0.0364802,0.41103,33827
9214,0.0359781,0.361863,12629
9215,0.0355885,0.491876,12445
9216,0.0369986,0.369547,13265
9217,0.0364742,0.492973,33049
9218,0.0361955,0.344659,17211
9219,0.0553312,0.418721,157
9220,0.0364135,0.380062,36431
9221,0.0533932,0.33851,51215
9222,0.0370029,0.275439,7747
9223,0.0355066,0.432764,13233
9224,0.0369633,0.410376,35581
9225,0.0360672,0.49795,22573
9226,0.0364917,0.36757,53153
9227,0.0365846,0.537505,32281
9228,0.0362636,0.455722,1285
9229,0.0357251,0.420737,13141
9230,0.0361239,0.312818,2147
9231,0.0367077,0.441665,9638
9232,0.0359471,0.393081,28843
9233,0.0359856,0.283087,51631
9234,0.0536769,0.437185,16165
9235,0.0354426,0.453498,12667
9236,0.0353572,0.329238,11281
9237,0.0362526,0.480309,24311
9238,0.0362056,0.503439,32281
9239,0.0359876,0.317953,5978
9240,0.036306,0.311653,17397
9241,0.0363146,0.230171,28909
9242,0.036623,0.347298,703
9243,0.0366373,0.446939,913
9244,0.0371224,0.37094,43463
9245,0.0364407,0.475114,20333
9246,0.0372178,0.433723,13953
9247,0.0366418,0.371996,10767
9248,0.0362979,0.332259,59894
9249,0.0362762,0.240428,24247
9250,0.0373015,0.355249,32271
9251,0.036136,0.416463,737
9252,0.03601,0.335884,13971
9253,0.0357525,0.547469,20907
9254,0.0359465,0.363515,24401
9255,0.0375593,0.420077,13115
9256,0.0384514,0.441184,41149
9257,0.0363653,0.399565,43555
9258,0.0360356,0.233285,30073
9259,0.0382596,0.478695,12587
9260,0.0379435,0.425389,9951
9261,0.0371743,0.413397,5491
9262,0.0369897,0.325817,12233
9263,0.0370159,0.458246,13151
9264,0.0364661,0.486298,28024
9265,0.0361995,0.269684,25118
9266,0.0373343,0.4711,31662
9267,0.0361621,0.543867,38236
9268,0.0373121,0.585416,9205
9269,0.036497,0.388717,54265
9270,0.0359293,0.29098,56604
9271,0.0356222,0.459946,47074
9272,0.0374349,0.38137,43792
9273,0.0363442,0.391782,16326
9274,0.0356781,0.234232,54353
9275,0.0371337,0.491194,26715
9276,0.0546658,0.474488,8768
9277,0.0364872,0.451497,5378
9278,0.0374126,0.410863,54363
9279,0.0357974,0.309057,9023
9280,0.036651,0.596513,38902
9281,0.0370989,0.539398,59680
9282,0.072471,0.265124,21680
9283,0.055633,0.495253,19016
9284,0.0363716,0.447196,7914
9285,0.0360231,0.411021,53431
9286,0.0362829,0.51096,34212
9287,0.0373875,0.452592,44824
9288,0.0380868,0.255336,25705
9289,0.0355576,0.421419,23191
9290,0.0365022,0.493836,58381
9291,0.0361573,0.281576,5500
9292,0.0361607,0.363118,30620
9293,0.0369991,0.376986,15222
9294,0.0362398,0.32884,32649
9295,0.0357658,0.213646,32635
9296,0.0380078,0.451731,9820
9297,0.0364156,0.436882,14102
9298,0.036082,0.433139,27042
9299,0.0371915,0.371745,36991
9300,0.053714,0.412956,51557
9301,0.0367064,0.298466,28656
9302,0.0388141,0.424477,27341
9303,0.0365812,0.550582,28370
9304,0.0366465,0.571969,30794
9305,0.0361968,0.495312,35610
9306,0.0366054,0.453337,43682
9307,0.036054,0.486276,3476
9308,0.0361653,0.533821,10900
9309,0.0371411,0.579569,44520
9310,0.036251,0.458408,34662
9311,0.0372032,0.410223,18926
9312,0.0548849,0.392641,45914
9313,0.0356234,0.283855,44493
9314,0.0371814,0.293274,5786
9315,0.0362809,0.505324,26198
9316,0.0380121,0.560279,45813
9317,0.0376589,0.54251,56231
9318,0.037612,0.530697,11066
9319,0.0360167,0.439609,43512
9320,0.0361569,0.416358,34022
9321,0.0377813,0.513109,47074
9322,0.0365735,0.502183,30019
9323,0.0369351,0.318585,53392
9324,0.0379322,0.226264,29902
9325,0.0357297,0.46013,20321
9326,0.0353338,0.52416,55284
9327,0.0539594,0.385772,51409
9328,0.0358333,0.325101,9023
9329,0.0356921,0.496584,26787
9330,0.0366311,0.489187,3643
9331,0.03618,0.44144,44976
9332,0.03684,0.390379,3319
9333,0.0364871,0.390308,51604
9334,0.0366915,0.246873,21599
9335,0.036335,0.214028,11248
9336,0.0366437,0.189682,2708
9337,0.0367283,0.527526,23226
9338,0.0365205,0.517785,18778
9339,0.0357638,0.533287,35505
9340,0.0372714,0.327323,48914
9341,0.0367564,0.527332,19784
9342,0.0368661,0.601546,4263
9343,0.0565678,0.421086,44742
9344,0.0369191,0.42883,44688
9345,0.0356861,0.214896,38968
9346,0.0360517,0.501383,1766
9347,0.0359111,0.454203,44688
9348,0.0361921,0.217665,31001
9349,0.0390369,0.510721,36252
9350,0.0357984,0.526663,27517
9351,0.0365313,0.528545,49857
9352,0.054509,0.456726,14944
9353,0.0356213,0.435824,45173
9354,0.0356953,0.45634,1966
9355,0.0377192,0.456038,54348
9356,0.0364986,0.179982,57957
9357,0.0381006,0.332831,11897
9358,0.039758,0.40095,11541
9359,0.0372468,0.490427,3660
9360,0.036901,0.422318,11402
9361,0.0367496,0.387823,53625
9362,0.0371022,0.394163,26921
9363,0.0370372,0.451725,58483
9364,0.0378144,0.47577,2295
9365,0.0369328,0.429688,22906
9366,0.0363146,0.515533,4533
9367,0.0359502,0.295981,51210
9368,0.0363391,0.186381,4872
9369,0.0366424,0.501891,1754
9370,0.0359977,0.432023,25071
9371,0.0364389,0.512047,4473
9372,0.0357169,0.560457,37807
9373,0.0366136,0.417121,16667
9374,0.0370363,0.415237,59379
9375,0.0545452,0.51607,6940
9376,0.0374765,0.4734,13480
9377,0.0539849,0.462682,6133
9378,0.0364208,0.261656,44876
9379,0.0370189,0.509266,38542
9380,0.0370991,0.557199,4471
9381,0.0362673,0.452699,27494
9382,0.0362202,0.5785,59446
9383,0.0362598,0.371307,8001
9384,0.0353012,0.376213,48992
9385,0.0370724,0.428876,48110
9386,0.0370813,0.379365,44824
9387,0.0366544,0.381125,47466
9388,0.037027,0.252555,14958
9389,0.037527,0.412781,29106
9390,0.0355297,0.442949,56761
9391,0.0357972,0.5447,55204
9392,0.0371032,0.498371,13635
9393,0.0367759,0.397076,36205
9394,0.0382517,0.585892,23408
9395,0.0371181,0.189222,35912
9396,0.0362326,0.470592,52625
9397,0.0359287,0.443615,37587
9398,0.0355693,0.544011,33562
9399,0.0365864,0.473841,9549
9400,0.0363011,0.535487,11136
9401,0.0356385,0.193815,23477
9402,0.0360863,0.453424,57616
9403,0.0371967,0.356743,53543
9404,0.0371895,0.417942,23349
9405,0.0544664,0.365283,47386
9406,0.0353275,0.341904,13426
9407,0.0358249,0.286407,32246
9408,0.0368782,0.358481,47755
9409,0.0360643,0.442182,8017
9410,0.0360357,0.450542,26043
9411,0.0364434,0.583556,57382
9412,0.0374301,0.459851,7903
9413,0.0364425,0.395153,27532
9414,0.0383605,0.360801,58458
9415,0.0365293,0.202414,31526
9416,0.0361929,0.510286,45227
9417,0.0364624,0.479819,58581
9418,0.0379057,0.449641,47550
9419,0.0372835,0.39559,26047
9420,0.0355092,0.356178,25545
9421,0.0370534,0.596767,1010
9422,0.0361841,0.574782,28431
9423,0.0359767,0.491094,28582
9424,0.0379363,0.383343,13737
9425,0.0372367,0.508764,14775
9426,0.0364074,0.538918,59192
9427,0.0542111,0.540898,51177
9428,0.0364626,0.475054,36697
9429,0.0367664,0.45751,36119
9430,0.0371737,0.475813,49461
9431,0.0373074,0.426991,5270
9432,0.0360401,0.442127,53238
9433,0.0382082,0.610312,16951
9434,0.0380496,0.210189,39095
9435,0.0376535,0.245784,18741
9436,0.0369059,0.470277,22744
9437,0.0369266,0.443677,16653
9438,0.0381181,0.278803,51566
9439,0.0378761,0.341122,29262
9440,0.0371215,0.399732,47466
9441,0.0358033,0.48941,33006
9442,0.0364365,0.540845,8102
9443,0.0364288,0.195175,46304
9444,0.0379485,0.210961,57903
9445,0.0366291,0.339859,26364
9446,0.0358033,0.621331,45047
9447,0.0378874,0.528984,21501
9448,0.0364643,0.410521,7527
9449,0.0377285,0.511203,23805
9450,0.0365327,0.497319,44615
9451,0.0360284,0.471607,2095
9452,0.0377722,0.489201,39450
9453,0.0359939,0.477789,48240
9454,0.036052,0.42551,14660
9455,0.0363593,0.350003,28274
9456,0.0368431,0.64408,268
9457,0.0361828,0.373442,34345
9458,0.0364832,0.42515,44669
9459,0.0366209,0.352661,39055
9460,0.0361772,0.392706,30934
9461,0.0364893,0.44011,48864
9462,0.0369607,0.452364,34311
9463,0.0355626,0.399727,30245
9464,0.0365589,0.245439,52537
9465,0.0373055,0.530251,6772
9466,0.0359401,0.308437,54504
9467,0.0359909,0.331367,116
9468,0.0372054,0.445161,42073
9469,0.0381155,0.481181,55205
9470,0.0366847,0.606605,5345
9471,0.0367865,0.486328,12192
9472,0.0554737,0.386661,22216
9473,0.0365741,0.429424,31448
9474,0.0369217,0.456026,21559
9475,0.0364583,0.451947,58392
9476,0.0363082,0.398092,6445
9477,0.0537372,0.506555,15495
9478,0.0366086,0.537839,8789
9479,0.0361339,0.436007,13325
9480,0.0377182,0.470628,38216
9481,0.0362533,0.48211,3974
9482,0.0363114,0.605647,39397
9483,0.0366421,0.413388,9061
9484,0.0369503,0.535284,43274
9485,0.0366305,0.260612,43249
9486,0.0367401,0.411233,23267
9487,0.0373179,0.480429,2855
9488,0.0360905,0.35446,21403
9489,0.0368103,0.299984,39057
9490,0.0365038,0.491757,16018
9491,0.0542027,0.521704,18765
9492,0.0539353,0.48662,42198
9493,0.0371369,0.514812,52108
9494,0.0358916,0.593184,41430
9495,0.0370034,0.364653,4479
9496,0.0377692,0.508546,22919
9497,0.0359535,0.476325,51516
9498,0.038094,0.367917,21513
9499,0.0356798,0.205103,53304
9500,0.0371527,0.505571,41581
9501,0.0360917,0.48005,32586
9502,0.0378332,0.506077,55280
9503,0.0360759,0.556742,2869
9504,0.0375418,0.478203,1366
9505,0.0678189,0.48564,55180
9506,0.0773649,0.53902,55293
9507,0.0363626,0.432544,50209
9508,0.0361482,0.367261,35681
9509,0.0368508,0.286139,16159
9510,0.0537192,0.439992,6099
9511,0.0350927,0.476279,37223
9512,0.0370868,0.466087,8061
9513,0.0368791,0.738088,3864
9514,0.0367386,0.407336,54537
9515,0.0542249,0.450834,21841
9516,0.0366111,0.429515,12295
9517,0.0364661,0.418227,47091
9518,0.0373073,0.262737,10823
9519,0.0353709,0.347474,11060
9520,0.0361199,0.276311,30809
9521,0.0369345,0.486533,49605
9522,0.037011,0.420761,6375
9523,0.0359564,0.455231,27814
9524,0.0359778,0.40544,45878
9525,0.0373186,0.486762,22905
9526,0.0374335,0.525321,19281
9527,0.0377004,0.470004,1926
9528,0.0373235,0.325608,19439
9529,0.0360008,0.42436,39495
9530,0.0359117,0.496175,3598
9531,0.0361159,0.377333,28333
9532,0.0364677,0.437705,54662
9533,0.0362723,0.551832,22581
9534,0.0366345,0.458768,10019
9535,0.0365306,0.550025,47534
9536,0.036474,0.502008,24667
9537,0.0362919,0.394568,35581
9538,0.0368744,0.57561,17357
9539,0.0355186,0.471652,21551
9540,0.0361083,0.439137,39555
9541,0.0373521,0.494863,28248
9542,0.0350355,0.391773,17454
9543,0.0357427,0.351476,11757
9544,0.0382304,0.466788,3991
9545,0.0362891,0.452399,26283
9546,0.0358457,0.435498,34935
9547,0.0369241,0.520199,9252
9548,0.0356694,0.479432,21853
9549,0.0376332,0.274969,20988
9550,0.0368219,0.539063,39607
9551,0.0371398,0.400379,33925
9552,0.0372762,0.359517,776
9553,0.0382134,0.37582,15659
9554,0.0366969,0.403893,36348
9555,0.0360482,0.342144,48338
9556,0.0351835,0.342634,16159
9557,0.0375799,0.440385,19591
9558,0.0365457,0.474179,8818
9559,0.0361773,0.462724,34547
9560,0.0370305,0.281346,18951
9561,0.0363632,0.418567,18847
9562,0.0358943,0.35026,5558
9563,0.0366884,0.413166,35521
9564,0.0362973,0.593582,17013
9565,0.0359679,0.465416,55109
9566,0.036004,0.265018,5427
9567,0.0369106,0.344433,33867
9568,0.0367297,0.377375,48219
9569,0.036336,0.520562,33881
9570,0.0368789,0.251313,55961
9571,0.0358724,0.399348,35676
9572,0.0368972,0.52679,59220
9573,0.0374299,0.373221,58455
9574,0.0379757,0.437414,831
9575,0.0360805,0.467561,19455
9576,0.0377647,0.377092,55829
9577,0.0361916,0.454614,24836
9578,0.0359186,0.469576,55657
9579,0.036523,0.328463,18895
9580,0.0370961,0.397482,9061
9581,0.0358626,0.404552,15482
9582,0.0353773,0.456335,23242
9583,0.054514,0.494808,13509
9584,0.0363577,0.418685,43641
9585,0.0371402,0.402581,6611
9586,0.0372044,0.292576,46957
9587,0.0365017,0.51261,5459
9588,0.0357227,0.403059,15918
9589,0.0365853,0.346088,59885
9590,0.0359106,0.49725,9387
9591,0.036097,0.226688,39403
9592,0.0366127,0.50344,677
9593,0.0362414,0.23444,10541
9594,0.0363829,0.327987,7837
9595,0.0372083,0.510901,23177
9596,0.0364045,0.511821,35383
9597,0.0355066,0.4865,13495
9598,0.0371763,0.335567,41452
9599,0.0368004,0.304131,8903
9600,0.0371249,0.51708,3864
9601,0.0366376,0.438414,787
9602,0.0359431,0.192995,56025
9603,0.0361856,0.49276,43211
9604,0.0357151,0.487778,46098
9605,0.0374052,0.565846,58289
9606,0.0363358,0.484744,32283
9607,0.0370375,0.50331,8871
9608,0.0386834,0.315467,59925
9609,0.0369723,0.537545,18205
9610,0.0361253,0.479468,6893
9611,0.0374983,0.384939,18909
9612,0.0544779,0.454161,32245
9613,0.035758,0.55737,18803
9614,0.0372376,0.492644,867
9615,0.0359608,0.612427,12969
9616,0.0361495,0.502801,6557
9617,0.037147,0.428052,41561
9618,0.0357009,0.473627,6140
9619,0.0359225,0.590481,21212
9620,0.0367272,0.580172,31593
9621,0.0356475,0.610976,59043
9622,0.035047,0.441396,17243
9623,0.036275,0.460045,10009
9624,0.036345,0.623543,59725
9625,0.0356176,0.581912,28493
9626,0.0361853,0.447408,13331
9627,0.0539308,0.471111,49577
9628,0.0352914,0.465896,19187
9629,0.0363553,0.638745,13281
9630,0.0364329,0.408719,43787
9631,0.0359663,0.37435,51045
9632,0.0363294,0.460949,32255
9633,0.0369643,0.463052,40091
9634,0.0354177,0.752278,21698
9635,0.0362894,0.414282,38326
9636,0.0369258,0.737923,7881
9637,0.0365836,0.507349,7931
9638,0.0363688,0.406944,58363
9639,0.036086,0.644572,43355
9640,0.0369832,0.449528,3255
9641,0.0369578,0.349343,24279
9642,0.0365364,0.619954,35637
9643,0.0372503,0.469988,3487
9644,0.0366892,0.526249,51636
9645,0.036077,0.462877,13721
9646,0.0370264,0.593141,46716
9647,0.0357729,0.426092,53789
9648,0.0360612,0.31994,50492
9649,0.0368173,0.296798,32447
9650,0.0375858,0.501242,34661
9651,0.0365948,0.473205,6929
9652,0.0384493,0.468937,20857
9653,0.0367545,0.337647,17367
9654,0.0353133,0.640954,59760
9655,0.035812,0.62997,2379
9656,0.0357846,0.610954,32275
9657,0.0363294,0.32392,42015
9658,0.0358757,0.395284,51355
9659,0.0381102,0.354794,53211
9660,0.0358558,0.520207,17267
9661,0.0363723,0.368792,32367
9662,0.0370194,0.594945,12189
9663,0.03615,0.37683,15675
9664,0.0364899,0.643851,12273
9665,0.0364313,0.361215,15985
9666,0.0368175,0.386811,31321
9667,0.0370984,0.524858,26327
9668,0.0377234,0.413573,53847
9669,0.037199,0.628124,54863
9670,0.0361524,0.551432,46425
9671,0.0501779,0.527549,22541
9672,0.0400622,0.648826,20379
9673,0.0361298,0.58901,13549
9674,0.0370223,0.304049,443
9675,0.0377898,0.415334,32283
9676,0.036493,0.478797,44129
9677,0.0361201,0.506916,44363
9678,0.0371836,0.43224,48999
9679,0.0355955,0.651962,1515
9680,0.0365219,0.543486,3491
9681,0.03738,0.449489,27616
9682,0.0358901,0.236011,29222
9683,0.0358552,0.421685,2089
9684,0.037036,0.462282,49320
9685,0.0364054,0.489343,24421
9686,0.0356689,0.568277,36001
9687,0.0360351,0.542291,16501
9688,0.0355967,0.514891,40649
9689,0.0363273,0.284168,17457
9690,0.0362642,0.516997,7167
9691,0.0366521,0.687584,23414
9692,0.0356752,0.565222,53317
9693,0.035956,0.606135,31343
9694,0.0370857,0.547057,12627
9695,0.0365098,0.559526,33419
9696,0.0362338,0.497536,35290
9697,0.0362798,0.614063,29969
9698,0.0359302,0.673792,14453
9699,0.0359635,0.380704,13701
9700,0.0380252,0.550861,24347
9701,0.0367163,0.492275,54517
9702,0.036684,0.544296,58270
9703,0.0371548,0.524637,21207
9704,0.0365808,0.390157,19709
9705,0.0361037,0.16749,3155
9706,0.0366952,0.522189,35347
9707,0.0387813,0.470786,48563
9708,0.03633,0.407844,5813
9709,0.0360762,0.542791,44215
9710,0.0375359,0.414259,20353
9711,0.0363681,0.331819,57541
9712,0.0359948,0.517244,54226
9713,0.0553935,0.350329,39025
9714,0.0360127,0.458532,52617
9715,0.035554,0.186947,57775
9716,0.054932,0.529969,19229
9717,0.0363306,0.47758,39181
9718,0.0361442,0.461138,2439
9719,0.0354965,0.450176,25178
9720,0.0364073,0.546142,12699
9721,0.0364803,0.398367,43285
9722,0.0521355,0.411885,41441
9723,0.0594985,0.414681,13115
9724,0.0367851,0.48717,10705
9725,0.0376923,0.215613,30649
9726,0.0374146,0.570163,45705
9727,0.0362908,0.438583,30175
9728,0.0360079,0.523287,34855
9729,0.0363346,0.562779,18525
9730,0.0360275,0.507412,43589
9731,0.0358636,0.499063,34881
9732,0.0359945,0.508302,36367
9733,0.0362917,0.493639,1459
9734,0.0373789,0.412685,5953
9735,0.0362121,0.557537,56452
9736,0.036813,0.543825,23780
9737,0.0377088,0.294929,25049
9738,0.0365515,0.530414,35229
9739,0.0373898,0.282364,997
9740,0.0382089,0.47106,13115
9741,0.0369676,0.501004,13971
9742,0.036161,0.578111,54191
9743,0.0371284,0.382749,58342
9744,0.0360355,0.545502,30173
9745,0.0368461,0.613761,51286
9746,0.0368655,0.460449,37833
9747,0.0353307,0.547422,47983
9748,0.0364764,0.472329,32175
9749,0.0362292,0.619416,59196
9750,0.0361127,0.58915,13879
9751,0.0356222,0.605787,18651
9752,0.035596,0.643736,11257
9753,0.036552,0.399395,33023
9754,0.0358148,0.591225,5109
9755,0.0356338,0.553962,44433
9756,0.0364695,0.502965,37829
9757,0.0377197,0.281839,949
9758,0.0368617,0.519406,15453
9759,0.0542631,0.456958,51715
9760,0.0382178,0.308203,35907
9761,0.036888,0.398946,57359
9762,0.036252,0.481993,10137
9763,0.0357645,0.53674,965
9764,0.0363035,0.601191,43119
9765,0.0358782,0.537695,57581
9766,0.0372756,0.442226,34855
9767,0.036284,0.365118,23539
9768,0.036443,0.538173,52305
9769,0.0377472,0.490208,45739
9770,0.0360685,0.595707,23629
9771,0.0358628,0.34826,53171
9772,0.0380109,0.20296,53233
9773,0.0356608,0.455577,57581
9774,0.0362855,0.261048,593
9775,0.0375468,0.505336,5071
9776,0.036003,0.469904,17004
9777,0.0360618,0.630628,8419
9778,0.0359101,0.450758,53472
9779,0.0361372,0.563716,40179
9780,0.036456,0.515247,30185
9781,0.0360681,0.471436,13905
9782,0.0367358,0.623468,56035
9783,0.0364105,0.558753,34855
9784,0.0369313,0.377296,35233
9785,0.055051,0.411522,15349
9786,0.0378235,0.490483,23671
9787,0.0374293,0.497355,12437
9788,0.0540807,0.351389,52147
9789,0.0359629,0.452409,54041
9790,0.0571109,0.531672,52679
9791,0.0888996,0.295434,40091
9792,0.0373064,0.549385,37213
9793,0.0362218,0.507099,16847
9794,0.0360759,0.525009,41201
9795,0.0358659,0.475133,17541
9796,0.0364428,0.234137,39797
9797,0.0362894,0.502172,28707
9798,0.0375666,0.538594,13159
9799,0.0375055,0.313345,20951
9800,0.0369313,0.449106,13215
9801,0.0356035,0.396557,59288
9802,0.0359638,0.204035,18853
9803,0.0360356,0.388443,29519
9804,0.0369581,0.439685,10993
9805,0.0373268,0.417131,13541
9806,0.0351102,0.278047,48691
9807,0.0358138,0.426721,28959
9808,0.0365202,0.55197,25790
9809,0.0362062,0.335322,49657
9810,0.0370677,0.234539,45087
9811,0.0381935,0.548017,1621
9812,0.0377809,0.403498,43155
9813,0.036378,0.53094,1827
9814,0.0374192,0.517519,20881
9815,0.0359151,0.312112,9802
9816,0.0361328,0.381302,56253
9817,0.0369143,0.435948,10001
9818,0.0365526,0.269434,41353
9819,0.0359349,0.237571,22533
9820,0.0356439,0.422845,53772
9821,0.0374992,0.413035,6561
9822,0.0369026,0.340807,34947
9823,0.0361485,0.340818,49986
9824,0.0376101,0.398442,39167
9825,0.0360628,0.411799,59756
9826,0.0357341,0.422897,29119
9827,0.0359973,0.476804,51754
9828,0.0361652,0.49462,39127
9829,0.0360158,0.458918,43896
9830,0.0361049,0.530181,22622
9831,0.0363103,0.558802,3289
9832,0.0359444,0.443834,26632
9833,0.0351497,0.440128,45910
9834,0.0357976,0.494622,35365
9835,0.0361156,0.50355,50144
9836,0.0361457,0.229625,6371
9837,0.0369729,0.416121,22022
9838,0.0356152,0.22617,39169
9839,0.0371222,0.602102,17109
9840,0.0362999,0.567789,43301
9841,0.0367759,0.596123,49236
9842,0.0373667,0.476256,11347
9843,0.0379405,0.447488,58717
9844,0.0380579,0.231103,31751
9845,0.0357547,0.256169,32462
9846,0.0371584,0.219324,2907
9847,0.0369854,0.534679,58098
9848,0.0358987,0.29128,41289
9849,0.0364808,0.544278,25618
9850,0.0369167,0.482134,12927
9851,0.0351891,0.388592,29689
9852,0.0359478,0.442897,9954
9853,0.0374345,0.554057,24903
9854,0.0366068,0.578411,51725
9855,0.0362264,0.369785,19450
9856,0.0381578,0.571886,21757
9857,0.0354721,0.555448,44861
9858,0.0365675,0.598727,45668
9859,0.0363236,0.281576,36134
9860,0.0360731,0.472346,54013
9861,0.0355236,0.44391,40719
9862,0.035724,0.517593,39278
9863,0.0377644,0.545311,33946
9864,0.036827,0.27861,50380
9865,0.0367879,0.419222,35261
9866,0.0557423,0.527154,40721
9867,0.0364427,0.54637,57379
9868,0.0360649,0.342759,49069
9869,0.0373717,0.36276,33988
9870,0.0366526,0.552165,9330
9871,0.0365336,0.476904,50243
9872,0.0384319,0.418406,41067
9873,0.0366259,0.527253,52729
9874,0.0359839,0.486647,19450
9875,0.0362053,0.601984,52241
9876,0.0359494,0.248708,23
9877,0.0357803,0.517397,3271
9878,0.0369376,0.238066,39931
9879,0.0361275,0.60216,42153
9880,0.035998,0.459588,50977
9881,0.0362477,0.499007,55343
9882,0.0376463,0.45469,50809
9883,0.0360451,0.514982,54342
9884,0.0366687,0.440168,4774
9885,0.0362116,0.384588,30434
9886,0.036108,0.498439,11589
9887,0.0361341,0.479533,1773
9888,0.0367296,0.509232,51017
9889,0.0358615,0.523969,8052
9890,0.0364866,0.59838,22799
9891,0.0378535,0.669605,35189
9892,0.0361657,0.508852,52401
9893,0.036449,0.5321,4278
9894,0.0360049,0.378735,35291
9895,0.0373605,0.245469,35291
9896,0.0360388,0.220791,39931
9897,0.037613,0.451891,23643
9898,0.0368175,0.21789,59521
9899,0.0362961,0.305686,3343
9900,0.0368695,0.52371,58150
9901,0.0378768,0.492693,18985
9902,0.0388451,0.399484,31243
9903,0.0364549,0.252012,44093
9904,0.0362849,0.612767,13371
9905,0.0365444,0.615182,45119
9906,0.0361753,0.537713,17949
9907,0.0371049,0.520126,8835
9908,0.036258,0.386384,7815
9909,0.0365561,0.33309,15589
9910,0.0362422,0.565704,24261
9911,0.0365698,0.364892,23589
9912,0.0360944,0.32609,30171
9913,0.0360794,0.521147,15055
9914,0.0373705,0.623866,55717
9915,0.0366102,0.475796,41125
9916,0.0357795,0.420649,51967
9917,0.036236,0.54614,20521
9918,0.0356598,0.457718,43565
9919,0.0366031,0.388585,21621
9920,0.0365434,0.456048,5463
9921,0.0360588,0.460345,42075
9922,0.0358765,0.419869,56146
9923,0.0364798,0.218659,31245
9924,0.0534569,0.578463,44107
9925,0.0358242,0.541675,57477
9926,0.0528426,0.689634,30527
9927,0.0383314,0.54026,47523
9928,0.0367928,0.501363,7723
9929,0.0371904,0.332828,27623
9930,0.0359809,0.385649,48602
9931,0.0351783,0.243794,11743
9932,0.0358471,0.412727,59817
9933,0.0363896,0.525421,15203
9934,0.0371532,0.46493,6622
9935,0.0361719,0.292992,54219
9936,0.0366102,0.497035,12037
9937,0.0365255,0.597274,5241
9938,0.0361044,0.370759,3421
9939,0.0540619,0.349962,12457
9940,0.0366376,0.60822,49403
9941,0.0367071,0.571693,2368
9942,0.0362466,0.502333,1429
9943,0.0357184,0.563118,26909
9944,0.0364007,0.687428,8928
9945,0.0376833,0.432857,24817
9946,0.0364765,0.250677,24279
9947,0.0369435,0.512244,47365
9948,0.0385538,0.536299,9698
9949,0.0355389,0.379347,29643
9950,0.0364351,0.221326,18963
9951,0.0368681,0.459078,33963
9952,0.0354687,0.327661,59288
9953,0.0362028,0.598187,49403
9954,0.036725,0.607085,47189
9955,0.0360432,0.346106,29087
9956,0.0360712,0.228121,59902
9957,0.0364619,0.422737,59088
9958,0.036467,0.411691,57458
9959,0.0361016,0.582268,46816
9960,0.0380378,0.487907,40912
9961,0.0384726,0.370484,7163
9962,0.0369705,0.484341,35659
9963,0.0356454,0.482279,50999
9964,0.0563753,0.431047,15445
9965,0.0368843,0.565177,57351
9966,0.0371123,0.467929,57275
9967,0.0530852,0.519361,13343
9968,0.0358381,0.339628,9747
9969,0.0360217,0.201086,9973
9970,0.0362434,0.620122,7842
9971,0.0353814,0.457359,49115
9972,0.0368884,0.459021,38871
9973,0.053051,0.406937,15653
9974,0.0368238,0.448906,38757
9975,0.0357148,0.60757,19101
9976,0.036605,0.528034,57347
9977,0.0357078,0.440115,37429
9978,0.0363358,0.244716,41859
9979,0.037311,0.380515,703
9980,0.0357902,0.640646,893
9981,0.0363003,0.434813,43839
9982,0.037318,0.569508,6269
9983,0.035037,0.284754,2191
9984,0.0368753,0.223294,30969
9985,0.0382192,0.464248,37386
9986,0.0366992,0.477869,39641
9987,0.0368955,0.333847,2089
9988,0.0365654,0.507269,19775
9989,0.0361517,0.316983,11985
9990,0.036612,0.314981,56749
9991,0.0360371,0.415804,10862
9992,0.0362053,0.406191,46263
9993,0.0366028,0.394913,8533
9994,0.0362021,0.180186,9315
9995,0.0364731,0.394814,16390
9996,0.0359869,0.463803,57806
9997,0.0352901,0.390872,3261
9998,0.0371036,0.541477,1311
9999,0.0366732,0.33289,22424
